mean_test_score,mean_fit_time,std_test_score,clf,clf__C,clf__gamma,clf__kernel,clf__colsample_bytree,clf__max_depth,clf__min_child_weight,clf__n_estimators,clf__subsample,clf__criterion,clf__min_samples_leaf
0.6010000000000001,0.03099088668823242,0.07895568377260755,SVC,100.0,0.001,rbf,,,,,,,
0.5900000000000001,0.36140079498291017,0.06107372593840989,XGB,,2.0,,0.6,4.0,1.0,20.0,1.0,,
0.5900000000000001,0.38500065803527833,0.06260990336999413,XGB,,0.5,,0.6,4.0,1.0,20.0,1.0,,
0.5890000000000001,0.031598901748657225,0.05499090833947008,SVC,10.0,0.001,rbf,,,,,,,
0.5890000000000001,0.031198692321777344,0.04933558553417603,SVC,100.0,0.0001,rbf,,,,,,,
0.588,0.03299570083618164,0.06757218362610462,SVC,1000.0,0.0001,rbf,,,,,,,
0.584,0.36820030212402344,0.06303967004989795,XGB,,0.5,,0.6,4.0,1.0,20.0,0.8,,
0.583,0.03619880676269531,0.05143928459844674,SVC,1000.0,0.001,rbf,,,,,,,
0.58,0.3418010711669922,0.06678323142825597,XGB,,2.0,,0.6,4.0,1.0,20.0,0.8,,
0.579,0.365401029586792,0.05860034129593445,XGB,,5.0,,0.6,4.0,1.0,20.0,1.0,,
0.576,0.6102415561676026,0.06414047084329831,RandomForest,,,,,6.0,,,,entropy,5.0
0.574,0.27808613777160646,0.07806407624509497,RandomForest,,,,,6.0,,,,gini,5.0
0.573,0.19839954376220703,0.05793099343184096,XGB,,5.0,,0.6,4.0,1.0,10.0,1.0,,
0.5710000000000001,0.3484011173248291,0.07398648525237567,XGB,,2.0,,0.8,4.0,1.0,20.0,0.6,,
0.571,0.3518981456756592,0.07385120175054705,XGB,,0.5,,0.8,4.0,1.0,20.0,0.6,,
0.571,0.2905998229980469,0.08157205403813243,XGB,,2.0,,0.6,4.0,1.0,20.0,0.6,,
0.5700000000000001,0.3072000026702881,0.0770064932327138,XGB,,0.5,,0.6,4.0,1.0,20.0,0.6,,
0.5700000000000001,0.4493988037109375,0.06542170893518451,XGB,,0.5,,1.0,4.0,1.0,20.0,0.8,,
0.57,0.05119767189025879,0.04929503017546494,SVC,10.0,,linear,,,,,,,
0.57,0.40780029296875,0.07810249675906653,XGB,,0.5,,0.8,4.0,1.0,20.0,0.8,,
0.568,0.05299844741821289,0.04770744176750624,SVC,100.0,,linear,,,,,,,
0.568,0.052789735794067386,0.04770744176750624,SVC,1000.0,,linear,,,,,,,
0.567,0.0373995304107666,0.06531462317123171,SVC,1.0,,linear,,,,,,,
0.567,0.5436979770660401,0.06352952069707436,RandomForest,,,,,6.0,,,,entropy,10.0
0.5660000000000001,0.38899993896484375,0.08639444426582069,XGB,,0.5,,1.0,4.0,1.0,20.0,0.6,,
0.5660000000000001,0.29720048904418944,0.08033679107357972,XGB,,5.0,,0.6,4.0,1.0,20.0,0.6,,
0.5660000000000001,0.40380072593688965,0.0841070746132571,XGB,,2.0,,0.8,4.0,1.0,20.0,0.8,,
0.5650000000000001,0.48821148872375486,0.08154753215150046,XGB,,2.0,,1.0,4.0,1.0,20.0,0.6,,
0.565,0.443599796295166,0.061562975886485544,XGB,,2.0,,0.8,4.0,1.0,20.0,1.0,,
0.565,0.2660080909729004,0.04959838707054898,RandomForest,,,,,6.0,,,,gini,10.0
0.5640000000000001,0.25879921913146975,0.07130217387990356,XGB,,0.5,,0.6,3.0,1.0,20.0,0.6,,
0.5640000000000001,0.4409085750579834,0.06216108107168022,XGB,,0.5,,0.8,4.0,1.0,20.0,1.0,,
0.5630000000000001,0.28200106620788573,0.07586830695356261,XGB,,2.0,,0.6,3.0,1.0,20.0,0.6,,
0.563,0.24339966773986815,0.058189346103904624,XGB,,0.5,,0.8,4.0,1.0,10.0,0.8,,
0.562,0.4250002384185791,0.0870402205879558,XGB,,5.0,,1.0,4.0,1.0,20.0,0.6,,
0.562,0.5823097229003906,0.07131619731870174,XGB,,2.0,,1.0,4.0,1.0,20.0,0.8,,
0.562,0.20000557899475097,0.06249799996799897,XGB,,2.0,,0.6,4.0,1.0,10.0,1.0,,
0.561,0.3413998126983643,0.06916646586316234,XGB,,5.0,,0.6,4.0,1.0,20.0,0.8,,
0.56,0.20040078163146974,0.062289646009589736,XGB,,0.5,,0.6,4.0,1.0,10.0,1.0,,
0.56,0.23719964027404786,0.06426507605223851,XGB,,2.0,,0.8,4.0,1.0,10.0,0.8,,
0.559,0.40200080871582033,0.07709734106958555,XGB,,5.0,,0.8,4.0,1.0,20.0,0.8,,
0.5589999999999999,0.19710350036621094,0.06621178142898741,XGB,,0.5,,0.8,4.0,1.0,10.0,0.6,,
0.558,0.35940074920654297,0.07540557008603543,XGB,,5.0,,0.8,4.0,1.0,20.0,0.6,,
0.558,0.3223998546600342,0.06392182725798755,XGB,,0.5,,0.6,4.0,5.0,20.0,1.0,,
0.557,0.1831998348236084,0.06095900261651268,XGB,,0.5,,0.6,4.0,1.0,10.0,0.8,,
0.5559999999999999,0.22320060729980468,0.08834025130143108,XGB,,0.5,,1.0,4.0,1.0,10.0,0.6,,
0.5549999999999999,0.19859976768493653,0.06410928169929843,XGB,,2.0,,0.8,4.0,1.0,10.0,0.6,,
0.554,0.16839842796325682,0.06807348970047004,XGB,,0.5,,0.6,4.0,1.0,10.0,0.6,,
0.554,0.3172009944915771,0.06053098380168622,XGB,,2.0,,0.6,4.0,5.0,20.0,1.0,,
0.554,0.18600234985351563,0.06537583651472462,XGB,,2.0,,0.6,4.0,1.0,10.0,0.8,,
0.553,0.2781999111175537,0.0742024258363566,XGB,,2.0,,0.8,3.0,1.0,20.0,0.6,,
0.551,0.27760024070739747,0.06851277253184256,XGB,,0.5,,0.8,3.0,1.0,20.0,0.6,,
0.5509999999999999,0.28059983253479004,0.08218272324521742,XGB,,0.5,,0.6,3.0,1.0,20.0,0.8,,
0.5509999999999999,0.2390007495880127,0.07870196947980397,XGB,,5.0,,0.6,3.0,1.0,20.0,0.6,,
0.55,0.2853998184204102,0.06473020933072902,XGB,,0.5,,0.6,3.0,1.0,20.0,1.0,,
0.55,0.37180051803588865,0.06024948132556826,XGB,,2.0,,0.6,3.0,1.0,20.0,1.0,,
0.55,0.22250194549560548,0.08792041856133305,XGB,,2.0,,1.0,4.0,1.0,10.0,0.6,,
0.549,0.322600793838501,0.0770973410695855,XGB,,2.0,,0.6,3.0,1.0,20.0,0.8,,
0.548,0.16160035133361816,0.07698051701567094,XGB,,2.0,,0.6,4.0,1.0,10.0,0.6,,
0.547,0.22520103454589843,0.0708237248385031,XGB,,5.0,,0.8,4.0,1.0,10.0,0.8,,
0.5469999999999999,0.2518015384674072,0.07082372483850312,XGB,,2.0,,1.0,4.0,1.0,10.0,0.8,,
0.5469999999999999,0.31960034370422363,0.06546754921333164,XGB,,2.0,,0.8,3.0,1.0,20.0,0.8,,
0.5469999999999999,0.3394000053405762,0.08447484832777151,XGB,,0.5,,1.0,3.0,1.0,20.0,0.6,,
0.5469999999999999,0.25620155334472655,0.07173562573784383,XGB,,0.5,,1.0,4.0,1.0,10.0,0.8,,
0.546,0.4552009582519531,0.05112729212465686,XGB,,5.0,,0.8,4.0,1.0,20.0,1.0,,
0.546,0.2964016914367676,0.07080960386840193,XGB,,5.0,,0.8,3.0,1.0,20.0,0.6,,
0.546,0.5233983993530273,0.06537583651472462,XGB,,5.0,,1.0,4.0,1.0,20.0,0.8,,
0.546,0.19780049324035645,0.06118823416311342,XGB,,5.0,,0.8,4.0,1.0,10.0,0.6,,
0.544,0.3820006847381592,0.05360970061472083,XGB,,2.0,,0.8,4.0,5.0,20.0,1.0,,
0.5439999999999999,0.34220056533813475,0.0625619692784682,XGB,,0.5,,0.8,4.0,5.0,20.0,0.8,,
0.543,0.26559906005859374,0.06989992846920519,XGB,,5.0,,0.6,3.0,1.0,20.0,0.8,,
0.543,0.12839951515197753,0.062177166226839255,XGB,,0.5,,0.8,4.0,1.0,5.0,1.0,,
0.5429999999999999,0.13620057106018066,0.06209669878504008,XGB,,2.0,,0.8,4.0,1.0,5.0,1.0,,
0.542,0.10979986190795898,0.0929838695688666,XGB,,5.0,,0.8,4.0,1.0,5.0,0.6,,
0.542,0.38720011711120605,0.06169278726074871,XGB,,0.5,,0.8,4.0,5.0,20.0,1.0,,
0.542,0.2492002487182617,0.07173562573784383,XGB,,0.5,,0.6,4.0,5.0,20.0,0.6,,
0.541,0.16219863891601563,0.06256196927846822,XGB,,2.0,,0.6,3.0,1.0,10.0,0.6,,
0.541,0.3599995613098145,0.07742092740338367,XGB,,0.5,,1.0,3.0,1.0,20.0,0.8,,
0.541,0.3456001281738281,0.061432890213630666,XGB,,2.0,,0.8,4.0,5.0,20.0,0.8,,
0.5409999999999999,0.2576010227203369,0.06807348970047004,XGB,,5.0,,1.0,4.0,1.0,10.0,0.8,,
0.54,0.13460063934326172,0.06580273550544842,XGB,,0.5,,0.6,3.0,1.0,10.0,0.6,,
0.54,0.324001407623291,0.0654217089351845,XGB,,0.5,,0.6,4.0,5.0,20.0,0.8,,
0.54,0.10560045242309571,0.07162401831787994,XGB,,2.0,,0.6,4.0,1.0,5.0,1.0,,
0.54,0.22459931373596193,0.08752142594816427,XGB,,5.0,,1.0,4.0,1.0,10.0,0.6,,
0.5399999999999999,0.315200138092041,0.07355270219373317,XGB,,0.5,,0.8,3.0,1.0,20.0,0.8,,
0.5399999999999999,0.2868006229400635,0.06999999999999999,XGB,,2.0,,0.6,4.0,5.0,20.0,0.8,,
0.539,0.23759984970092773,0.04397726685459205,XGB,,2.0,,0.8,4.0,1.0,10.0,1.0,,
0.539,0.10340161323547363,0.08697125962063558,XGB,,0.5,,0.8,4.0,1.0,5.0,0.6,,
0.5389999999999999,0.18059887886047363,0.06011655346075653,XGB,,0.5,,0.6,4.0,5.0,10.0,1.0,,
0.5389999999999999,0.11039958000183106,0.08760136985230309,XGB,,2.0,,0.8,4.0,1.0,5.0,0.6,,
0.5389999999999999,0.33860011100769044,0.08380930735902786,XGB,,2.0,,1.0,3.0,1.0,20.0,0.6,,
0.538,0.16580042839050294,0.06727555276621666,XGB,,5.0,,0.6,4.0,1.0,10.0,0.6,,
0.538,0.18859972953796386,0.07352550577860718,XGB,,5.0,,0.6,4.0,1.0,10.0,0.8,,
0.538,0.11140027046203613,0.06500769185258003,XGB,,5.0,,0.6,4.0,1.0,5.0,1.0,,
0.538,0.2728003978729248,0.06727555276621665,XGB,,0.5,,0.6,3.0,5.0,20.0,0.8,,
0.5370000000000001,0.31480040550231936,0.05221110992882644,XGB,,5.0,,0.6,4.0,5.0,20.0,1.0,,
0.537,0.30660057067871094,0.052971690552596096,XGB,,0.5,,0.6,3.0,5.0,20.0,1.0,,
0.5369999999999999,0.26439790725708007,0.07372923436466705,XGB,,2.0,,0.6,3.0,5.0,20.0,0.8,,
0.5369999999999999,0.2723996162414551,0.05844655678480982,XGB,,5.0,,0.6,3.0,1.0,20.0,1.0,,
0.5359999999999999,0.29540038108825684,0.07206941098690901,XGB,,5.0,,0.6,4.0,5.0,20.0,0.8,,
0.5359999999999999,0.13420023918151855,0.07165193647069144,XGB,,5.0,,0.6,3.0,1.0,10.0,0.6,,
0.5359999999999999,0.15880088806152343,0.06398437309218556,XGB,,2.0,,0.6,4.0,5.0,10.0,0.8,,
0.535,0.13740139007568358,0.0629285308902091,XGB,,5.0,,0.8,4.0,1.0,5.0,1.0,,
0.5349999999999999,0.24280009269714356,0.07169379331573969,XGB,,2.0,,0.6,4.0,5.0,20.0,0.6,,
0.5349999999999999,0.1704007625579834,0.06260990336999411,XGB,,0.5,,0.6,4.0,5.0,10.0,0.8,,
0.5349999999999999,0.17480053901672363,0.057008771254956896,XGB,,2.0,,0.6,4.0,5.0,10.0,1.0,,
0.5349999999999999,0.18640103340148925,0.0720416546173115,XGB,,2.0,,0.6,3.0,1.0,10.0,0.8,,
0.534,0.110599946975708,0.0656810474946921,XGB,,0.5,,0.6,4.0,1.0,5.0,1.0,,
0.534,0.3081997871398926,0.05247856705360769,XGB,,2.0,,0.6,3.0,5.0,20.0,1.0,,
0.533,0.17720041275024415,0.07520638270785265,XGB,,0.5,,0.8,3.0,1.0,10.0,0.8,,
0.533,0.2677030086517334,0.08158431221748456,XGB,,0.5,,0.6,3.0,5.0,20.0,0.6,,
0.533,0.2219998359680176,0.036687872655688264,XGB,,2.0,,0.8,4.0,5.0,10.0,1.0,,
0.533,0.18219976425170897,0.07527283706623525,XGB,,2.0,,0.8,3.0,1.0,10.0,0.8,,
0.533,0.1377997875213623,0.07004284403134986,XGB,,0.5,,0.6,4.0,5.0,10.0,0.6,,
0.532,0.18500008583068847,0.07460562981437796,XGB,,0.5,,1.0,3.0,1.0,10.0,0.6,,
0.532,0.21100597381591796,0.04057092555020157,XGB,,0.5,,0.8,4.0,5.0,10.0,1.0,,
0.531,0.3858013153076172,0.06887670143089027,XGB,,2.0,,1.0,3.0,1.0,20.0,0.8,,
0.531,0.15720076560974122,0.06374950980203692,XGB,,0.5,,0.6,3.0,1.0,10.0,1.0,,
0.531,0.24159960746765136,0.04820788317277581,XGB,,0.5,,0.8,4.0,1.0,10.0,1.0,,
0.5309999999999999,0.15680017471313476,0.05800000000000001,XGB,,2.0,,0.8,3.0,1.0,10.0,0.6,,
0.5309999999999999,0.12340059280395507,0.08428523002282193,XGB,,0.5,,1.0,4.0,1.0,5.0,0.6,,
0.53,0.1550008773803711,0.05612486080160913,XGB,,0.5,,0.8,3.0,1.0,10.0,0.6,,
0.53,0.15900139808654784,0.06572670690061994,XGB,,0.5,,0.8,3.0,5.0,10.0,0.8,,
0.53,0.1388026237487793,0.07609204951898721,XGB,,2.0,,0.6,4.0,5.0,10.0,0.6,,
0.53,0.15459914207458497,0.07422937423958255,XGB,,0.5,,0.6,3.0,1.0,10.0,0.8,,
0.53,0.11940064430236816,0.051283525619832335,XGB,,0.5,,0.8,4.0,1.0,5.0,0.8,,
0.53,0.19239964485168456,0.06935416353759881,XGB,,0.5,,0.8,4.0,5.0,10.0,0.8,,
0.5290000000000001,0.09820055961608887,0.06651315659326358,XGB,,2.0,,0.6,4.0,1.0,5.0,0.6,,
0.529,0.24220118522644044,0.042591078878093706,XGB,,5.0,,0.8,4.0,1.0,10.0,1.0,,
0.529,0.3975994110107422,0.05842944463196616,XGB,,0.5,,1.0,4.0,5.0,20.0,0.8,,
0.529,0.38740038871765137,0.04576024475459019,XGB,,5.0,,0.8,4.0,5.0,20.0,1.0,,
0.5289999999999999,0.23599939346313475,0.08039900496896714,XGB,,2.0,,0.6,3.0,5.0,20.0,0.6,,
0.5289999999999999,0.16100049018859863,0.07059745037889116,XGB,,2.0,,0.8,3.0,5.0,10.0,0.8,,
0.528,0.25099930763244627,0.069108610172684,XGB,,5.0,,0.6,3.0,5.0,20.0,0.8,,
0.528,0.22000045776367189,0.07215261603018978,XGB,,5.0,,0.6,3.0,5.0,20.0,0.6,,
0.528,0.29180035591125486,0.07103520254071216,XGB,,2.0,,0.8,3.0,5.0,20.0,0.8,,
0.528,0.14860067367553711,0.07082372483850309,XGB,,5.0,,0.6,3.0,1.0,10.0,0.8,,
0.528,0.21700053215026854,0.0680147042925278,XGB,,2.0,,0.8,4.0,5.0,10.0,0.8,,
0.528,0.32920060157775877,0.07426977851050856,XGB,,5.0,,0.8,3.0,1.0,20.0,0.8,,
0.528,0.09679951667785644,0.05793099343184096,XGB,,0.5,,0.6,4.0,1.0,5.0,0.6,,
0.5279999999999999,0.21980013847351074,0.029933259094191526,XGB,,5.0,,0.8,4.0,5.0,10.0,1.0,,
0.527,0.0774080753326416,0.07460562981437795,DecisionTree,,,,,8.0,,,,entropy,
0.5269999999999999,0.09260072708129882,0.06329296959378665,XGB,,5.0,,0.6,4.0,1.0,5.0,0.6,,
0.526,0.29180130958557127,0.060942595940770346,XGB,,0.5,,0.8,4.0,5.0,20.0,0.6,,
0.526,0.1760000228881836,0.060033324079214544,XGB,,2.0,,0.6,3.0,1.0,10.0,1.0,,
0.526,0.0779911994934082,0.0703846574190711,DecisionTree,,,,,10.0,,,,entropy,
0.526,0.1277994155883789,0.08765842800324451,XGB,,2.0,,1.0,4.0,1.0,5.0,0.6,,
0.526,0.18119969367980956,0.07812809993849845,XGB,,2.0,,1.0,3.0,1.0,10.0,0.6,,
0.526,0.38740005493164065,0.06945502141674137,XGB,,5.0,,1.0,3.0,1.0,20.0,0.8,,
0.5250000000000001,0.1372004508972168,0.05357238094391551,XGB,,0.5,,1.0,4.0,1.0,5.0,0.8,,
0.525,0.33620033264160154,0.06942621983083914,XGB,,0.5,,1.0,3.0,5.0,20.0,0.8,,
0.524,0.24960050582885743,0.06514598989960932,XGB,,5.0,,0.6,4.0,5.0,20.0,0.6,,
0.524,0.33620028495788573,0.08610458756651704,XGB,,5.0,,1.0,3.0,1.0,20.0,0.6,,
0.524,0.10500082969665528,0.047686476070265445,XGB,,0.5,,0.8,4.0,5.0,5.0,0.8,,
0.524,0.2865997314453125,0.0690941386804988,XGB,,0.5,,0.8,3.0,5.0,20.0,0.8,,
0.523,0.17380003929138182,0.04296510211788167,XGB,,2.0,,0.8,3.0,5.0,10.0,1.0,,
0.523,0.1267996311187744,0.07762731478030141,XGB,,0.5,,0.6,3.0,5.0,10.0,0.6,,
0.523,0.5269032478332519,0.05353503525729669,XGB,,2.0,,1.0,4.0,5.0,20.0,0.8,,
0.523,0.13259997367858886,0.08078366171448285,XGB,,2.0,,0.6,3.0,5.0,10.0,0.6,,
0.5229999999999999,0.18720049858093263,0.07270488291717413,XGB,,5.0,,0.8,3.0,1.0,10.0,0.8,,
0.5229999999999999,0.15820131301879883,0.057148928248918186,XGB,,5.0,,0.8,3.0,1.0,10.0,0.6,,
0.5229999999999999,0.12020025253295899,0.054918120870983925,XGB,,2.0,,0.8,4.0,1.0,5.0,0.8,,
0.5229999999999999,0.14380016326904296,0.07032780389006897,XGB,,2.0,,0.6,3.0,5.0,10.0,0.8,,
0.5229999999999999,0.34859981536865237,0.06273754856543248,XGB,,5.0,,0.8,4.0,5.0,20.0,0.8,,
0.522,0.31860013008117677,0.06079473661428265,XGB,,2.0,,0.8,3.0,5.0,20.0,1.0,,
0.522,0.15940027236938475,0.0643117407632541,XGB,,5.0,,0.6,4.0,5.0,10.0,0.8,,
0.522,0.1249995231628418,0.05582114294781146,XGB,,5.0,,0.8,4.0,1.0,5.0,0.8,,
0.5210000000000001,0.1226006031036377,0.08662563131083087,XGB,,5.0,,0.6,3.0,5.0,10.0,0.6,,
0.521,0.16619973182678222,0.06938299503480663,XGB,,5.0,,0.8,3.0,5.0,10.0,0.8,,
0.521,0.14260025024414064,0.07605261336732617,XGB,,0.5,,0.6,3.0,5.0,10.0,0.8,,
0.521,0.388200569152832,0.07095068710026704,XGB,,2.0,,1.0,3.0,5.0,20.0,0.8,,
0.52,0.11840143203735351,0.04301162633521313,XGB,,0.5,,0.8,4.0,5.0,5.0,1.0,,
0.52,0.19579920768737794,0.0752994023880668,XGB,,2.0,,0.6,2.0,1.0,20.0,0.6,,
0.52,0.31220369338989257,0.06016643582596527,XGB,,0.5,,0.8,3.0,5.0,20.0,1.0,,
0.52,0.0928009033203125,0.06767569726275455,XGB,,5.0,,0.8,3.0,1.0,5.0,0.6,,
0.5199999999999999,0.257401180267334,0.06252999280345393,XGB,,5.0,,0.6,3.0,5.0,20.0,1.0,,
0.519,0.19999914169311522,0.062,XGB,,5.0,,0.8,4.0,5.0,10.0,0.8,,
0.519,0.3401998519897461,0.07186097689288672,XGB,,2.0,,0.8,3.0,1.0,20.0,1.0,,
0.519,0.2238011837005615,0.05774080013300819,XGB,,0.5,,1.0,4.0,5.0,10.0,0.8,,
0.5189999999999999,0.339599609375,0.06894925670375279,XGB,,0.5,,0.8,3.0,1.0,20.0,1.0,,
0.5189999999999999,0.119205904006958,0.04913247398615299,XGB,,2.0,,0.8,4.0,5.0,5.0,1.0,,
0.5189999999999999,0.12399930953979492,0.09345587193964862,XGB,,5.0,,1.0,4.0,1.0,5.0,0.6,,
0.5189999999999999,0.10060229301452636,0.04737087712930803,XGB,,2.0,,0.6,4.0,1.0,5.0,0.8,,
0.5189999999999999,0.07838993072509766,0.05739337940912695,DecisionTree,,,,,12.0,,,,entropy,
0.518,0.22619938850402832,0.058017238817441155,RandomForest,,,,,4.0,,,,gini,10.0
0.518,0.14220027923583983,0.05971599450733446,XGB,,2.0,,1.0,4.0,1.0,5.0,0.8,,
0.518,0.15760045051574706,0.06697760819856141,XGB,,5.0,,0.6,3.0,1.0,10.0,1.0,,
0.518,0.13940043449401857,0.07256721022610696,XGB,,5.0,,0.6,4.0,5.0,10.0,0.6,,
0.518,0.09880084991455078,0.06946941773183361,XGB,,2.0,,0.6,4.0,5.0,5.0,1.0,,
0.5170000000000001,0.17340006828308105,0.04578209256903841,XGB,,5.0,,0.6,4.0,5.0,10.0,1.0,,
0.5170000000000001,0.1865992069244385,0.07386474125047755,XGB,,0.5,,0.6,2.0,1.0,20.0,0.6,,
0.517,0.29780068397521975,0.054277066980447625,XGB,,2.0,,0.8,4.0,5.0,20.0,0.6,,
0.517,0.661210298538208,0.0562672195865408,XGB,,2.0,,1.0,4.0,1.0,20.0,1.0,,
0.517,0.11940102577209473,0.047074409183759255,XGB,,0.5,,0.6,4.0,1.0,5.0,0.8,,
0.517,0.2518003463745117,0.049457052075512944,XGB,,2.0,,1.0,4.0,5.0,10.0,0.8,,
0.517,0.5038015842437744,0.059042357676502046,XGB,,0.5,,1.0,4.0,1.0,20.0,1.0,,
0.517,0.3414000511169434,0.06615134163416489,XGB,,0.5,,1.0,4.0,5.0,20.0,0.6,,
0.517,0.17500066757202148,0.04226109321823087,XGB,,0.5,,0.8,3.0,5.0,10.0,1.0,,
0.516,0.09500045776367187,0.0715122367151245,XGB,,0.5,,0.6,4.0,5.0,5.0,1.0,,
0.516,0.18540024757385254,0.08083316151184487,XGB,,5.0,,1.0,3.0,1.0,10.0,0.6,,
0.516,0.25100007057189944,0.054717456081217794,XGB,,0.5,,0.8,3.0,5.0,20.0,0.6,,
0.516,0.09860024452209473,0.05132250968142536,XGB,,2.0,,0.8,3.0,1.0,5.0,0.8,,
0.516,0.161000394821167,0.056956123463592565,XGB,,0.5,,0.6,3.0,5.0,10.0,1.0,,
0.516,0.09160113334655762,0.06359245238233859,XGB,,2.0,,0.8,3.0,1.0,5.0,0.6,,
0.5159999999999999,0.42560629844665526,0.07234638899074368,XGB,,2.0,,1.0,4.0,5.0,20.0,0.6,,
0.515,0.20860061645507813,0.06172519744804385,XGB,,2.0,,1.0,3.0,1.0,10.0,0.8,,
0.5149999999999999,0.15519976615905762,0.056035702904487596,XGB,,2.0,,0.6,3.0,5.0,10.0,1.0,,
0.5149999999999999,0.18820009231567383,0.06156297588648554,XGB,,0.5,,1.0,4.0,5.0,10.0,0.6,,
0.514,0.43660426139831543,0.040792156108742275,XGB,,0.5,,1.0,4.0,5.0,20.0,1.0,,
0.514,0.09820094108581542,0.05228766584960548,XGB,,0.5,,0.8,3.0,1.0,5.0,0.8,,
0.514,0.10180048942565918,0.050338851794612866,XGB,,5.0,,0.6,4.0,1.0,5.0,0.8,,
0.514,0.09020066261291504,0.06711184694225007,XGB,,0.5,,0.8,3.0,1.0,5.0,0.6,,
0.514,0.126800537109375,0.0410365690573664,XGB,,5.0,,0.8,4.0,5.0,5.0,1.0,,
0.514,0.08599967956542968,0.05885575587824862,XGB,,0.5,,0.6,3.0,1.0,5.0,0.6,,
0.514,0.3446004867553711,0.06036555309114628,XGB,,5.0,,0.8,3.0,1.0,20.0,1.0,,
0.5130000000000001,0.10700106620788574,0.05182663407939975,XGB,,2.0,,0.8,4.0,5.0,5.0,0.8,,
0.5130000000000001,0.2062002658843994,0.0642339474110069,XGB,,0.5,,1.0,3.0,1.0,10.0,0.8,,
0.513,0.1838008403778076,0.03776241517699843,XGB,,5.0,,0.8,3.0,5.0,10.0,1.0,,
0.513,0.1370009422302246,0.07110555533852471,XGB,,5.0,,0.6,3.0,5.0,10.0,0.8,,
0.513,0.14339985847473144,0.04945705207551295,XGB,,2.0,,0.8,3.0,5.0,10.0,0.6,,
0.513,0.3045992851257324,0.06120457499239741,XGB,,5.0,,0.8,3.0,5.0,20.0,0.8,,
0.5129999999999999,0.3074005126953125,0.059464274989274,XGB,,5.0,,0.8,4.0,5.0,20.0,0.6,,
0.512,0.08399934768676758,0.05801723881744115,XGB,,2.0,,0.6,3.0,1.0,5.0,0.6,,
0.5119999999999999,0.16480016708374023,0.051826634079399754,XGB,,0.5,,0.8,4.0,5.0,10.0,0.6,,
0.511,0.24100003242492676,0.06102458520956943,XGB,,2.0,,1.0,4.0,5.0,10.0,0.6,,
0.5109999999999999,0.568798303604126,0.05721887800367985,XGB,,5.0,,1.0,4.0,1.0,20.0,1.0,,
0.51,0.24930858612060547,0.06379655163094633,XGB,,0.5,,1.0,2.0,1.0,20.0,0.6,,
0.51,0.32300100326538084,0.056302753041036976,XGB,,5.0,,0.8,3.0,5.0,20.0,1.0,,
0.51,0.13939995765686036,0.04669047011971501,XGB,,0.5,,0.8,3.0,5.0,10.0,0.6,,
0.5090000000000001,0.17880043983459473,0.0625619692784682,XGB,,2.0,,0.6,2.0,5.0,20.0,0.6,,
0.509,0.4213996887207031,0.05416641025580337,XGB,,5.0,,1.0,4.0,5.0,20.0,0.8,,
0.509,0.2436051845550537,0.06673829485385434,XGB,,2.0,,1.0,2.0,1.0,20.0,0.6,,
0.509,0.20579996109008789,0.05799999999999999,XGB,,5.0,,1.0,3.0,1.0,10.0,0.8,,
0.509,0.16900076866149902,0.04903060268852504,XGB,,5.0,,0.8,4.0,5.0,10.0,0.6,,
0.508,0.18600058555603027,0.06185466837676845,XGB,,0.5,,0.6,2.0,5.0,20.0,0.6,,
0.508,0.16339964866638185,0.05182663407939975,XGB,,2.0,,0.8,4.0,5.0,10.0,0.6,,
0.508,0.11180062294006347,0.04749736834815166,XGB,,5.0,,0.8,4.0,5.0,5.0,0.8,,
0.5079999999999999,0.3037999153137207,0.05732364259186603,XGB,,0.5,,1.0,3.0,5.0,20.0,0.6,,
0.507,0.35480055809020994,0.06569627082262737,XGB,,5.0,,1.0,4.0,5.0,20.0,0.6,,
0.5069999999999999,0.14380054473876952,0.06838128398911503,XGB,,5.0,,0.6,3.0,5.0,10.0,1.0,,
0.5069999999999999,0.1416006088256836,0.06830812543175227,XGB,,5.0,,1.0,4.0,1.0,5.0,0.8,,
0.506,0.10180034637451171,0.06126989472816156,XGB,,2.0,,0.6,3.0,1.0,5.0,1.0,,
0.506,0.18440008163452148,0.07213875518748573,XGB,,5.0,,0.6,2.0,1.0,20.0,0.6,,
0.506,0.30460033416748045,0.05961543424315551,XGB,,2.0,,1.0,3.0,5.0,20.0,0.6,,
0.506,0.09280080795288086,0.06945502141674136,XGB,,0.5,,0.6,3.0,1.0,5.0,1.0,,
0.506,0.2567999839782715,0.05112729212465686,XGB,,2.0,,0.8,3.0,5.0,20.0,0.6,,
0.5050000000000001,0.5619091987609863,0.04242640687119288,XGB,,2.0,,1.0,4.0,5.0,20.0,1.0,,
0.5050000000000001,0.0986013412475586,0.06700746227100382,XGB,,5.0,,0.6,4.0,5.0,5.0,1.0,,
0.505,0.2162001132965088,0.06316644678941502,XGB,,2.0,,0.8,2.0,1.0,20.0,0.6,,
0.505,0.08020086288452148,0.05890670590009256,XGB,,5.0,,0.6,3.0,1.0,5.0,0.6,,
0.5040000000000001,0.47459988594055175,0.04597825573029058,XGB,,5.0,,1.0,4.0,5.0,20.0,1.0,,
0.504,0.21520075798034669,0.05902541825349482,XGB,,0.5,,0.8,2.0,1.0,20.0,0.6,,
0.503,0.34999957084655764,0.07117583859709697,XGB,,5.0,,1.0,3.0,5.0,20.0,0.8,,
0.503,0.2691032409667969,0.06392182725798755,XGB,,5.0,,1.0,2.0,1.0,20.0,0.6,,
0.503,0.2014000415802002,0.06392182725798755,XGB,,0.5,,0.6,2.0,1.0,20.0,0.8,,
0.503,0.10139980316162109,0.07291090453423274,XGB,,2.0,,1.0,3.0,1.0,5.0,0.6,,
0.5029999999999999,0.21779942512512207,0.06313477647065839,XGB,,2.0,,0.6,2.0,1.0,20.0,0.8,,
0.502,0.18899965286254883,0.0567978872846517,XGB,,0.5,,1.0,3.0,5.0,10.0,0.8,,
0.502,0.2309952735900879,0.0603821165578021,RandomForest,,,,,4.0,,,,gini,5.0
0.502,0.10200119018554688,0.07345747068882785,XGB,,0.5,,1.0,3.0,1.0,5.0,0.6,,
0.502,0.18760123252868652,0.05895761189193469,XGB,,2.0,,0.8,3.0,1.0,10.0,1.0,,
0.501,0.18820605278015137,0.059110066824526596,XGB,,0.5,,0.8,3.0,1.0,10.0,1.0,,
0.501,0.5304856300354004,0.0428252262107277,RandomForest,,,,,4.0,,,,entropy,5.0
0.5,0.21999964714050294,0.044944410108488445,XGB,,5.0,,1.0,4.0,5.0,10.0,0.8,,
0.5,0.19880151748657227,0.051768716422179124,XGB,,5.0,,0.8,3.0,1.0,10.0,1.0,,
0.499,0.2630003929138184,0.049132473986152975,XGB,,5.0,,0.8,3.0,5.0,20.0,0.6,,
0.499,0.48341832160949705,0.05544366510251646,RandomForest,,,,,4.0,,,,entropy,10.0
0.499,0.21899971961975098,0.061676575780437094,XGB,,5.0,,0.8,2.0,1.0,20.0,0.6,,
0.499,0.1494072914123535,0.046946778377222,XGB,,5.0,,0.8,3.0,5.0,10.0,0.6,,
0.49800000000000005,0.294600248336792,0.03880721582386453,XGB,,2.0,,1.0,4.0,5.0,10.0,1.0,,
0.49800000000000005,0.20540075302124022,0.037229020937972576,XGB,,0.5,,1.0,3.0,5.0,10.0,1.0,,
0.49800000000000005,0.0922013759613037,0.06757218362610462,XGB,,0.5,,0.8,4.0,5.0,5.0,0.6,,
0.49799999999999994,0.16200017929077148,0.049254441424098995,XGB,,0.5,,1.0,3.0,5.0,10.0,0.6,,
0.49700000000000005,0.034398126602172854,0.050655700567655754,DecisionTree,,,,,10.0,,,,gini,
0.49700000000000005,0.2781994819641113,0.047180504448341785,XGB,,5.0,,1.0,4.0,1.0,10.0,1.0,,
0.49700000000000005,0.2961996078491211,0.058275209137333854,XGB,,0.5,,0.6,4.0,10.0,20.0,1.0,,
0.497,0.35690836906433104,0.04781213235152767,XGB,,0.5,,1.0,3.0,5.0,20.0,1.0,,
0.497,0.20540060997009277,0.06120457499239742,XGB,,5.0,,0.6,2.0,1.0,20.0,0.8,,
0.497,0.10040135383605957,0.04965883607174053,XGB,,5.0,,0.8,3.0,1.0,5.0,0.8,,
0.497,0.09120078086853027,0.04802082881417188,XGB,,0.5,,0.6,3.0,1.0,5.0,0.8,,
0.4960000000000001,0.09040021896362305,0.07479304780526062,XGB,,5.0,,0.6,3.0,1.0,5.0,1.0,,
0.4960000000000001,0.4240001678466797,0.049234134500364665,XGB,,2.0,,1.0,3.0,1.0,20.0,1.0,,
0.496,0.1659998416900635,0.05112729212465686,XGB,,2.0,,1.0,3.0,5.0,10.0,0.6,,
0.496,0.25600032806396483,0.03652396473549937,XGB,,0.5,,1.0,4.0,5.0,10.0,1.0,,
0.4950000000000001,0.24179987907409667,0.06503845016603639,XGB,,5.0,,0.8,2.0,1.0,20.0,0.8,,
0.4950000000000001,0.10399985313415527,0.08312640976248163,XGB,,5.0,,1.0,3.0,1.0,5.0,0.6,,
0.495,0.11240115165710449,0.04159326868617086,XGB,,0.5,,1.0,3.0,1.0,5.0,0.8,,
0.495,0.11420059204101562,0.042778499272414894,XGB,,2.0,,1.0,3.0,1.0,5.0,0.8,,
0.495,0.09220075607299805,0.06655824516917495,XGB,,2.0,,0.8,4.0,5.0,5.0,0.6,,
0.495,0.1880007266998291,0.052535702146254776,XGB,,2.0,,1.0,3.0,5.0,10.0,0.8,,
0.49499999999999994,0.09100117683410644,0.04743416490252568,XGB,,0.5,,0.6,4.0,5.0,5.0,0.8,,
0.49400000000000005,0.10480036735534667,0.0645290632196067,XGB,,0.5,,0.6,2.0,1.0,10.0,0.6,,
0.49400000000000005,0.06959800720214844,0.036796738985948214,DecisionTree,,,,,6.0,,,,entropy,
0.49400000000000005,0.23930349349975585,0.0673349834781297,XGB,,2.0,,0.8,2.0,1.0,20.0,0.8,,
0.49400000000000005,0.18080105781555175,0.03088689042296101,XGB,,2.0,,1.0,4.0,5.0,5.0,1.0,,
0.49400000000000005,0.09480023384094238,0.045978255730290615,XGB,,0.5,,0.8,3.0,5.0,5.0,0.8,,
0.49400000000000005,0.09339971542358398,0.04630334761116092,XGB,,2.0,,0.6,3.0,1.0,5.0,0.8,,
0.49400000000000005,0.2052003860473633,0.04140048308896892,XGB,,2.0,,1.0,3.0,5.0,10.0,1.0,,
0.49399999999999994,0.31619954109191895,0.051419840528729756,XGB,,0.5,,0.6,3.0,10.0,20.0,1.0,,
0.49300000000000005,0.2405996799468994,0.07433707016018319,XGB,,0.5,,0.6,4.0,10.0,20.0,0.6,,
0.493,0.27660021781921384,0.04843552415324933,XGB,,0.5,,1.0,4.0,1.0,10.0,1.0,,
0.493,0.09200053215026856,0.05065570056765575,XGB,,5.0,,0.6,4.0,5.0,5.0,0.8,,
0.493,0.390399694442749,0.05153639490690049,XGB,,2.0,,1.0,3.0,5.0,20.0,1.0,,
0.4920000000000001,0.13160138130187987,0.0611228271597445,XGB,,2.0,,0.6,2.0,1.0,10.0,0.6,,
0.492,0.18959999084472656,0.05473572873361602,XGB,,5.0,,1.0,3.0,5.0,10.0,0.8,,
0.492,0.10400052070617676,0.058360945845659484,XGB,,0.5,,0.8,3.0,1.0,5.0,1.0,,
0.492,0.2379998207092285,0.05418486873657625,XGB,,2.0,,1.0,2.0,5.0,20.0,0.6,,
0.492,0.22919988632202148,0.06630233781700309,XGB,,0.5,,0.8,2.0,1.0,20.0,0.8,,
0.492,0.08700027465820312,0.048228622207150004,XGB,,5.0,,0.6,3.0,1.0,5.0,0.8,,
0.492,0.08000011444091797,0.05564171097297421,XGB,,0.5,,0.6,4.0,5.0,5.0,0.6,,
0.492,0.20399951934814453,0.03586084215408222,XGB,,5.0,,1.0,3.0,5.0,10.0,1.0,,
0.4910000000000001,0.03179831504821777,0.04409081537009722,DecisionTree,,,,,8.0,,,,gini,
0.491,0.10000047683715821,0.040049968789001585,XGB,,2.0,,0.8,3.0,5.0,5.0,1.0,,
0.491,0.13460044860839843,0.033226495451672305,XGB,,0.5,,1.0,4.0,5.0,5.0,1.0,,
0.491,0.17860064506530762,0.06319810123729984,XGB,,5.0,,0.6,2.0,5.0,20.0,0.6,,
0.491,0.12519969940185546,0.05868560300448484,XGB,,2.0,,0.6,2.0,1.0,10.0,1.0,,
0.491,0.384000301361084,0.05073460357586328,XGB,,0.5,,1.0,3.0,1.0,20.0,1.0,,
0.491,0.2607996940612793,0.05489990892524321,XGB,,2.0,,0.6,4.0,10.0,20.0,1.0,,
0.491,0.26759939193725585,0.06159545437773796,XGB,,5.0,,0.6,4.0,10.0,20.0,1.0,,
0.491,0.300800085067749,0.04259107887809372,XGB,,2.0,,1.0,4.0,1.0,10.0,1.0,,
0.49099999999999994,0.42099957466125487,0.04872371086031932,XGB,,5.0,,1.0,3.0,1.0,20.0,1.0,,
0.49000000000000005,0.09920125007629395,0.03860051813123758,XGB,,0.5,,0.8,3.0,5.0,5.0,1.0,,
0.49000000000000005,0.11380181312561036,0.04242640687119287,XGB,,5.0,,1.0,3.0,1.0,5.0,0.8,,
0.49000000000000005,0.0928001880645752,0.04370354676682433,XGB,,2.0,,0.8,3.0,5.0,5.0,0.8,,
0.49000000000000005,0.21099982261657715,0.060249481325568274,XGB,,0.5,,0.6,2.0,1.0,20.0,1.0,,
0.49000000000000005,0.25240087509155273,0.05431390245600107,XGB,,0.5,,0.6,4.0,10.0,20.0,0.8,,
0.49000000000000005,0.11699905395507812,0.0589915248150105,XGB,,0.5,,0.6,2.0,1.0,10.0,1.0,,
0.48999999999999994,0.15459990501403809,0.045276925690687066,XGB,,5.0,,1.0,4.0,1.0,5.0,1.0,,
0.48999999999999994,0.23270344734191895,0.05300943312279427,XGB,,0.5,,1.0,2.0,5.0,20.0,0.6,,
0.48999999999999994,0.12239880561828613,0.05049752469181037,XGB,,0.5,,0.8,2.0,1.0,10.0,0.6,,
0.48900000000000005,0.07779779434204101,0.06335613624582863,XGB,,0.5,,0.6,3.0,5.0,5.0,0.6,,
0.48900000000000005,0.2653032779693604,0.049132473986152975,XGB,,2.0,,0.6,3.0,10.0,20.0,1.0,,
0.48900000000000005,0.24979844093322753,0.03498571136907181,XGB,,5.0,,1.0,4.0,5.0,10.0,1.0,,
0.48900000000000005,0.22339920997619628,0.061514225996918796,XGB,,2.0,,0.6,2.0,1.0,20.0,1.0,,
0.489,0.08040070533752441,0.05721887800367986,XGB,,2.0,,0.6,4.0,5.0,5.0,0.6,,
0.489,0.13400020599365234,0.0315277655408689,XGB,,5.0,,1.0,4.0,5.0,5.0,1.0,,
0.489,0.11939988136291504,0.047053161424074355,XGB,,0.5,,1.0,4.0,5.0,5.0,0.8,,
0.489,0.12139945030212403,0.04993996395673508,XGB,,2.0,,0.8,2.0,1.0,10.0,0.6,,
0.489,0.3009969234466553,0.054534392817743915,XGB,,5.0,,1.0,3.0,5.0,20.0,0.6,,
0.4880000000000001,0.22279963493347169,0.05344155686354953,XGB,,0.5,,0.8,2.0,5.0,20.0,0.8,,
0.488,0.2295988082885742,0.053254107822777376,XGB,,2.0,,0.8,2.0,5.0,20.0,0.8,,
0.488,0.20540070533752441,0.04905099387372291,XGB,,2.0,,0.6,2.0,5.0,20.0,1.0,,
0.488,0.10040082931518554,0.05963220606350229,XGB,,2.0,,0.6,2.0,5.0,10.0,0.6,,
0.488,0.10640082359313965,0.055731499172371086,XGB,,2.0,,0.8,3.0,1.0,5.0,1.0,,
0.488,0.20440006256103516,0.04261455150532501,XGB,,0.5,,0.8,2.0,5.0,20.0,0.6,,
0.488,0.2066007137298584,0.060712436946642155,XGB,,5.0,,0.6,2.0,1.0,20.0,1.0,,
0.488,0.1343998908996582,0.05134199061197373,XGB,,0.5,,1.0,2.0,1.0,10.0,0.6,,
0.487,0.5697039604187012,0.05427706698044763,XGB,,0.5,,0.6,3.0,10.0,20.0,0.8,,
0.487,0.20820059776306152,0.04354308211415446,XGB,,2.0,,0.8,2.0,5.0,20.0,0.6,,
0.487,0.11620097160339356,0.058275209137333854,XGB,,5.0,,0.6,2.0,1.0,10.0,1.0,,
0.487,0.10320010185241699,0.041060930335295634,XGB,,5.0,,0.8,3.0,5.0,5.0,0.8,,
0.487,0.20839977264404297,0.06592419889539802,XGB,,2.0,,0.6,2.0,5.0,20.0,0.8,,
0.487,0.3878040790557861,0.04365775990588612,XGB,,5.0,,1.0,3.0,5.0,20.0,1.0,,
0.487,0.2062009811401367,0.06607571414672717,XGB,,0.5,,0.6,2.0,5.0,20.0,0.8,,
0.48600000000000004,0.22300128936767577,0.04017461885320135,XGB,,2.0,,1.0,3.0,1.0,10.0,1.0,,
0.48600000000000004,0.10260052680969238,0.05877074101966045,XGB,,0.5,,0.6,2.0,5.0,10.0,0.6,,
0.48600000000000004,0.10820045471191406,0.05379591062525105,XGB,,5.0,,0.8,3.0,1.0,5.0,1.0,,
0.48599999999999993,0.23480043411254883,0.04662617290749905,XGB,,5.0,,1.0,2.0,5.0,20.0,0.6,,
0.48599999999999993,0.09060015678405761,0.054899908925243206,XGB,,2.0,,0.6,3.0,5.0,5.0,1.0,,
0.48599999999999993,0.21100058555603027,0.04963869458396345,XGB,,0.5,,0.6,2.0,5.0,20.0,1.0,,
0.48599999999999993,0.08880009651184081,0.06272160712226688,XGB,,2.0,,0.6,3.0,5.0,5.0,0.6,,
0.48599999999999993,0.08360137939453124,0.06880406964707829,XGB,,2.0,,0.8,3.0,5.0,5.0,0.6,,
0.48599999999999993,0.08080019950866699,0.06335613624582861,XGB,,0.5,,0.8,3.0,5.0,5.0,0.6,,
0.48599999999999993,0.14520111083984374,0.04872371086031932,XGB,,2.0,,1.0,4.0,5.0,5.0,0.8,,
0.48599999999999993,0.138200044631958,0.051710733895391575,XGB,,2.0,,1.0,2.0,1.0,10.0,0.6,,
0.48500000000000004,0.23520078659057617,0.055045435778091525,XGB,,5.0,,0.6,3.0,10.0,20.0,1.0,,
0.48500000000000004,0.12380061149597169,0.047328638264796906,XGB,,5.0,,0.8,2.0,1.0,10.0,0.6,,
0.48500000000000004,0.10880136489868164,0.03924283374069718,XGB,,5.0,,0.8,3.0,5.0,5.0,1.0,,
0.485,0.0902008056640625,0.0476445169982864,XGB,,2.0,,0.6,4.0,5.0,5.0,0.8,,
0.485,0.20820012092590331,0.0697137002317335,XGB,,2.0,,0.6,4.0,10.0,20.0,0.6,,
0.485,0.15279970169067383,0.05522680508593629,XGB,,5.0,,1.0,2.0,1.0,10.0,0.6,,
0.485,0.11420016288757324,0.05594640292279745,XGB,,0.5,,0.6,2.0,1.0,10.0,0.8,,
0.485,0.15380020141601564,0.05338539126015654,XGB,,2.0,,0.6,2.0,1.0,10.0,0.8,,
0.4840000000000001,0.08080043792724609,0.051516987489565055,XGB,,5.0,,0.6,3.0,5.0,5.0,0.8,,
0.4840000000000001,0.11660051345825195,0.0359722114972099,XGB,,0.5,,1.0,3.0,5.0,5.0,1.0,,
0.484,0.20920038223266602,0.07398648525237565,XGB,,2.0,,0.6,3.0,10.0,20.0,0.6,,
0.484,0.080999755859375,0.05969924622639719,XGB,,5.0,,0.6,4.0,5.0,5.0,0.6,,
0.484,0.1512009620666504,0.042237424163885776,XGB,,0.5,,1.0,4.0,1.0,5.0,1.0,,
0.484,0.24280128479003907,0.042825226210727686,XGB,,0.5,,0.8,4.0,10.0,20.0,0.6,,
0.484,0.1616002082824707,0.05073460357586328,XGB,,5.0,,1.0,3.0,5.0,10.0,0.6,,
0.484,0.08959946632385254,0.06011655346075654,XGB,,0.5,,0.6,3.0,5.0,5.0,1.0,,
0.483,0.2134007453918457,0.044788391353117366,XGB,,5.0,,0.8,2.0,5.0,20.0,0.6,,
0.483,0.09500174522399903,0.06392182725798755,XGB,,5.0,,0.8,4.0,5.0,5.0,0.6,,
0.483,0.3174004077911377,0.04093897898091745,XGB,,2.0,,1.0,4.0,10.0,20.0,0.6,,
0.483,0.24340085983276366,0.05316013544000804,XGB,,5.0,,0.8,2.0,5.0,20.0,0.8,,
0.483,0.2440007209777832,0.05971599450733446,XGB,,2.0,,0.6,4.0,10.0,20.0,0.8,,
0.483,0.2182000160217285,0.041182520563948014,XGB,,0.5,,1.0,3.0,1.0,10.0,1.0,,
0.483,0.19300050735473634,0.04467661580737733,XGB,,5.0,,1.0,4.0,5.0,10.0,0.6,,
0.483,0.21920013427734375,0.07626270385975048,XGB,,0.5,,0.6,3.0,10.0,20.0,0.6,,
0.483,0.32440943717956544,0.05608921464952062,XGB,,0.5,,0.8,4.0,10.0,20.0,1.0,,
0.48200000000000004,0.10340008735656739,0.05065570056765575,XGB,,2.0,,1.0,3.0,5.0,5.0,0.8,,
0.48200000000000004,0.11180028915405274,0.04411349000022557,XGB,,0.5,,0.6,3.0,5.0,5.0,0.8,,
0.48200000000000004,0.284800386428833,0.04534313619501855,XGB,,0.5,,1.0,4.0,10.0,20.0,0.6,,
0.48200000000000004,0.11059975624084473,0.051536394906900485,XGB,,5.0,,0.6,2.0,1.0,10.0,0.8,,
0.48200000000000004,0.15039963722229005,0.045232731511594584,XGB,,2.0,,1.0,4.0,1.0,5.0,1.0,,
0.48200000000000004,0.11120047569274902,0.052402290026295616,XGB,,2.0,,0.6,2.0,5.0,10.0,1.0,,
0.48199999999999993,0.10400080680847168,0.06749814812274481,XGB,,5.0,,0.6,2.0,1.0,10.0,0.6,,
0.48199999999999993,0.1138005256652832,0.033555923471125036,XGB,,2.0,,1.0,3.0,5.0,5.0,1.0,,
0.48100000000000004,0.08800053596496582,0.045978255730290615,XGB,,2.0,,0.6,3.0,5.0,5.0,0.8,,
0.48100000000000004,0.11299943923950195,0.05093132631298738,XGB,,0.5,,0.6,2.0,5.0,10.0,1.0,,
0.481,0.3250002861022949,0.0577408001330082,XGB,,2.0,,0.8,4.0,10.0,20.0,1.0,,
0.481,0.10500016212463378,0.04993996395673508,XGB,,0.5,,1.0,3.0,5.0,5.0,0.8,,
0.48,0.12460145950317383,0.05522680508593629,XGB,,5.0,,1.0,4.0,5.0,5.0,0.8,,
0.48,0.2625993251800537,0.05753259945457009,XGB,,5.0,,1.0,2.0,5.0,20.0,0.8,,
0.48,0.19960036277770996,0.061644140029689765,XGB,,5.0,,0.6,2.0,5.0,20.0,0.8,,
0.48,0.2342008590698242,0.05458937625582471,XGB,,2.0,,0.6,3.0,10.0,20.0,0.8,,
0.48,0.2259998321533203,0.04062019202317981,XGB,,5.0,,1.0,3.0,1.0,10.0,1.0,,
0.479,0.20680499076843262,0.048000000000000015,XGB,,5.0,,0.6,2.0,5.0,20.0,1.0,,
0.479,0.25020370483398435,0.05435071296680476,XGB,,5.0,,0.6,4.0,10.0,20.0,0.8,,
0.479,0.11460075378417969,0.03512833614050059,XGB,,5.0,,1.0,3.0,5.0,5.0,1.0,,
0.479,0.16980061531066895,0.055713553108736456,XGB,,0.5,,0.6,3.0,10.0,10.0,0.8,,
0.479,0.06920070648193359,0.03954743986657039,XGB,,5.0,,0.8,2.0,1.0,5.0,0.6,,
0.479,0.27360072135925295,0.058770741019660434,XGB,,2.0,,1.0,2.0,5.0,20.0,0.8,,
0.479,0.28260002136230467,0.03992492955535427,XGB,,2.0,,1.0,3.0,10.0,20.0,0.6,,
0.479,0.1632016658782959,0.04641120554348919,XGB,,0.5,,0.6,4.0,10.0,10.0,0.8,,
0.479,0.13500099182128905,0.045760244754590215,XGB,,2.0,,0.8,2.0,1.0,10.0,0.8,,
0.47800000000000004,0.28639950752258303,0.06438944012802097,XGB,,5.0,,1.0,2.0,1.0,20.0,0.8,,
0.47800000000000004,0.22240080833435058,0.051536394906900485,XGB,,5.0,,0.6,3.0,10.0,20.0,0.8,,
0.47800000000000004,0.13440065383911132,0.050556898639058136,XGB,,2.0,,0.6,4.0,10.0,10.0,0.8,,
0.47800000000000004,0.2668012619018555,0.060464865831323884,XGB,,0.5,,1.0,2.0,5.0,20.0,0.8,,
0.47800000000000004,0.13020048141479493,0.04621688003316539,XGB,,0.5,,0.8,2.0,1.0,10.0,0.8,,
0.47800000000000004,0.27919940948486327,0.06493073232299171,XGB,,0.5,,1.0,2.0,1.0,20.0,0.8,,
0.47800000000000004,0.1118013858795166,0.05455272678794343,XGB,,5.0,,0.6,2.0,5.0,10.0,1.0,,
0.47800000000000004,0.2832005500793457,0.05732364259186608,XGB,,0.5,,0.8,3.0,10.0,20.0,1.0,,
0.47800000000000004,0.07340044975280761,0.06193545026880809,XGB,,5.0,,0.6,3.0,5.0,5.0,0.6,,
0.47800000000000004,0.28179931640625,0.06493073232299171,XGB,,2.0,,1.0,2.0,1.0,20.0,0.8,,
0.47800000000000004,0.06300044059753418,0.06652818951391958,XGB,,2.0,,0.6,2.0,5.0,5.0,0.6,,
0.47800000000000004,0.26540064811706543,0.040323690307311914,XGB,,0.5,,1.0,3.0,10.0,20.0,0.6,,
0.47700000000000004,0.18760185241699218,0.044113490000225575,XGB,,0.5,,0.6,4.0,10.0,10.0,1.0,,
0.47700000000000004,0.10300054550170898,0.058872744118140086,XGB,,5.0,,0.6,2.0,5.0,10.0,0.6,,
0.47700000000000004,0.07040009498596192,0.04154515615568199,XGB,,2.0,,0.8,2.0,1.0,5.0,0.6,,
0.47700000000000004,0.1454916477203369,0.034727510708370685,XGB,,0.5,,0.6,3.0,10.0,10.0,1.0,,
0.477,0.23700056076049805,0.04985980344927166,XGB,,2.0,,0.8,2.0,5.0,20.0,1.0,,
0.477,0.3418006896972656,0.04833218389437831,XGB,,5.0,,0.8,4.0,10.0,20.0,1.0,,
0.477,0.10080065727233886,0.0597996655509042,XGB,,0.5,,1.0,4.0,5.0,5.0,0.6,,
0.477,0.06139936447143555,0.06734983296193095,XGB,,0.5,,0.6,2.0,5.0,5.0,0.6,,
0.477,0.1304011344909668,0.024207436873820407,XGB,,0.5,,1.0,2.0,5.0,10.0,0.6,,
0.476,0.20199947357177733,0.06506919393998976,XGB,,2.0,,0.6,2.0,10.0,20.0,0.8,,
0.476,0.13520078659057616,0.04608687448721167,XGB,,5.0,,0.8,2.0,1.0,10.0,0.8,,
0.476,0.14999971389770508,0.0474763098818769,XGB,,5.0,,0.6,4.0,10.0,10.0,1.0,,
0.476,0.06939940452575684,0.04509988913511874,XGB,,0.5,,0.8,2.0,1.0,5.0,0.6,,
0.476,0.11660265922546387,0.042473521163190614,XGB,,2.0,,0.8,2.0,5.0,10.0,0.6,,
0.476,0.2256010055541992,0.04317406628984582,XGB,,0.5,,0.8,3.0,10.0,20.0,0.6,,
0.476,0.2296009063720703,0.05323532661682467,XGB,,0.5,,0.8,2.0,5.0,20.0,1.0,,
0.476,0.1998004913330078,0.07066823897621902,XGB,,5.0,,0.6,3.0,10.0,20.0,0.6,,
0.476,0.12690911293029786,0.05571355310873646,XGB,,2.0,,1.0,4.0,5.0,5.0,0.6,,
0.476,0.19099907875061034,0.06529931086925803,XGB,,0.5,,0.6,2.0,10.0,20.0,0.8,,
0.475,0.11380090713500976,0.0440454310910905,XGB,,0.5,,0.8,2.0,5.0,10.0,0.6,,
0.475,0.12999916076660156,0.027568097504180444,XGB,,2.0,,1.0,2.0,5.0,10.0,0.6,,
0.475,0.036195993423461914,0.044384682042344296,DecisionTree,,,,,12.0,,,,gini,
0.475,0.22820076942443848,0.04370354676682433,XGB,,2.0,,0.8,3.0,10.0,20.0,0.6,,
0.475,0.14879937171936036,0.044721359549995815,XGB,,2.0,,0.6,4.0,10.0,10.0,1.0,,
0.47400000000000003,0.12940125465393065,0.05238320341483519,XGB,,2.0,,0.6,3.0,10.0,10.0,0.8,,
0.47400000000000003,0.10680055618286133,0.05238320341483517,XGB,,5.0,,1.0,3.0,5.0,5.0,0.8,,
0.47400000000000003,0.07900099754333496,0.06110646446980874,XGB,,0.5,,1.0,2.0,1.0,5.0,0.6,,
0.47400000000000003,0.17219944000244142,0.060448325038829645,XGB,,0.5,,0.6,2.0,10.0,20.0,0.6,,
0.47300000000000003,0.24400005340576172,0.04342810150121695,XGB,,2.0,,0.8,4.0,10.0,20.0,0.6,,
0.47300000000000003,0.07920045852661133,0.06144916598294885,XGB,,2.0,,1.0,2.0,1.0,5.0,0.6,,
0.47300000000000003,0.29600019454956056,0.04600000000000001,XGB,,5.0,,0.8,3.0,10.0,20.0,1.0,,
0.47300000000000003,0.21340007781982423,0.05045790324617148,XGB,,0.5,,1.0,2.0,10.0,20.0,0.6,,
0.47300000000000003,0.2832009315490723,0.049457052075512965,XGB,,2.0,,0.8,3.0,10.0,20.0,1.0,,
0.47300000000000003,0.2627994537353516,0.05075431016179811,XGB,,0.5,,0.8,2.0,1.0,20.0,1.0,,
0.47300000000000003,0.21979985237121583,0.04781213235152771,XGB,,2.0,,1.0,2.0,10.0,20.0,0.6,,
0.473,0.2559995651245117,0.04915282290977806,XGB,,5.0,,0.8,2.0,5.0,20.0,1.0,,
0.473,0.20180106163024902,0.06120457499239741,XGB,,2.0,,0.6,2.0,10.0,20.0,0.6,,
0.4720000000000001,0.21140003204345703,0.07379701890998036,XGB,,5.0,,0.6,4.0,10.0,20.0,0.6,,
0.4720000000000001,0.2160008430480957,0.04812483766206388,XGB,,5.0,,1.0,2.0,10.0,20.0,0.6,,
0.4720000000000001,0.08480067253112793,0.05732364259186603,XGB,,5.0,,1.0,2.0,1.0,5.0,0.6,,
0.472,0.20400004386901854,0.06368673331236262,XGB,,5.0,,0.6,2.0,10.0,20.0,0.8,,
0.471,0.09100160598754883,0.06658828725834595,XGB,,0.5,,1.0,3.0,5.0,5.0,0.6,,
0.471,0.1911996841430664,0.043977266854592065,XGB,,0.5,,0.8,2.0,10.0,20.0,0.6,,
0.471,0.08360028266906738,0.06175759062657803,XGB,,5.0,,0.6,3.0,5.0,5.0,1.0,,
0.471,0.24579863548278807,0.05093132631298739,XGB,,2.0,,0.8,2.0,1.0,20.0,1.0,,
0.471,0.1288003921508789,0.03426368339802363,XGB,,5.0,,1.0,2.0,5.0,10.0,0.6,,
0.471,0.12200026512145996,0.05013980454688672,XGB,,5.0,,0.6,3.0,10.0,10.0,0.8,,
0.471,0.14000039100646972,0.050931326312987385,XGB,,5.0,,0.6,4.0,10.0,10.0,0.8,,
0.47000000000000003,0.2850011348724365,0.04785394445602162,XGB,,5.0,,1.0,4.0,10.0,20.0,0.6,,
0.47000000000000003,0.09220037460327149,0.0637965516309463,XGB,,2.0,,1.0,3.0,5.0,5.0,0.6,,
0.47000000000000003,0.2520004749298096,0.0485798312059645,XGB,,5.0,,0.8,2.0,1.0,20.0,1.0,,
0.47000000000000003,0.25680036544799806,0.03872983346207418,XGB,,5.0,,0.8,4.0,10.0,20.0,0.6,,
0.47000000000000003,0.11380167007446289,0.033015148038438365,XGB,,5.0,,0.8,2.0,5.0,10.0,0.6,,
0.47000000000000003,0.08379974365234374,0.061725197448043834,XGB,,5.0,,0.8,3.0,5.0,5.0,0.6,,
0.47000000000000003,0.4370002269744873,0.04582575694955841,XGB,,2.0,,1.0,4.0,10.0,20.0,1.0,,
0.46900000000000003,0.24059982299804689,0.04211887937730539,XGB,,5.0,,0.8,3.0,10.0,20.0,0.6,,
0.46900000000000003,0.1388011932373047,0.04029888335921978,XGB,,2.0,,0.6,3.0,10.0,10.0,1.0,,
0.46900000000000003,0.06519289016723633,0.054808758424178906,XGB,,0.5,,0.6,2.0,1.0,5.0,0.6,,
0.46900000000000003,0.19519977569580077,0.04705316142407439,XGB,,2.0,,0.8,2.0,10.0,20.0,0.6,,
0.46900000000000003,0.25640048980712893,0.0517107338953916,XGB,,0.5,,0.8,3.0,10.0,20.0,0.8,,
0.46799999999999997,0.26620001792907716,0.05045790324617148,XGB,,2.0,,0.8,3.0,10.0,20.0,0.8,,
0.46799999999999997,0.10800094604492187,0.05297169055259608,XGB,,5.0,,1.0,4.0,5.0,5.0,0.6,,
0.46799999999999997,0.09099969863891602,0.05555177764932461,XGB,,2.0,,0.6,2.0,1.0,5.0,1.0,,
0.46799999999999997,0.3021999835968018,0.049859803449271656,XGB,,5.0,,0.8,4.0,10.0,20.0,0.8,,
0.46699999999999997,0.06959948539733887,0.05500909015790028,XGB,,0.5,,0.6,2.0,1.0,5.0,1.0,,
0.46699999999999997,0.10700006484985351,0.0447883913531174,XGB,,2.0,,0.6,2.0,5.0,10.0,0.8,,
0.46699999999999997,0.06860089302062988,0.055190578906186526,XGB,,5.0,,0.6,2.0,1.0,5.0,1.0,,
0.46699999999999997,0.3751994132995605,0.04915282290977805,XGB,,0.5,,1.0,4.0,10.0,20.0,1.0,,
0.46699999999999997,0.26999764442443847,0.043886216514983395,XGB,,5.0,,1.0,3.0,10.0,20.0,0.6,,
0.466,0.3979988098144531,0.04521061822182927,XGB,,5.0,,1.0,4.0,10.0,20.0,1.0,,
0.466,0.06720089912414551,0.05180733538795448,XGB,,2.0,,0.6,2.0,5.0,5.0,1.0,,
0.466,0.1331991195678711,0.03878143885933064,XGB,,5.0,,0.6,3.0,10.0,10.0,1.0,,
0.466,0.2910002708435059,0.0517107338953916,XGB,,2.0,,0.8,4.0,10.0,20.0,0.8,,
0.466,0.11400065422058106,0.0454312667664022,XGB,,0.5,,0.6,2.0,5.0,10.0,0.8,,
0.466,0.06459941864013671,0.05332916650389355,XGB,,2.0,,0.6,2.0,1.0,5.0,0.6,,
0.465,0.1513998031616211,0.03646916505762095,XGB,,0.5,,1.0,2.0,1.0,10.0,0.8,,
0.465,0.06140093803405762,0.06016643582596531,XGB,,5.0,,0.6,2.0,5.0,5.0,0.6,,
0.465,0.3648113250732422,0.03754996671103718,XGB,,2.0,,1.0,3.0,10.0,20.0,1.0,,
0.465,0.13120584487915038,0.04086563348340509,XGB,,2.0,,0.8,2.0,5.0,10.0,1.0,,
0.465,0.16780033111572265,0.059665735560705216,XGB,,5.0,,0.6,2.0,10.0,20.0,0.6,,
0.465,0.1314006805419922,0.04086563348340509,XGB,,0.5,,0.8,2.0,5.0,10.0,1.0,,
0.465,0.10660061836242676,0.04147288270665545,XGB,,5.0,,0.6,2.0,5.0,10.0,0.8,,
0.465,0.29040050506591797,0.05039841267341663,XGB,,0.5,,0.8,4.0,10.0,20.0,0.8,,
0.46499999999999997,0.1350017547607422,0.03701351104664351,XGB,,5.0,,0.8,2.0,5.0,10.0,1.0,,
0.4640000000000001,0.06560096740722657,0.05266877632905478,XGB,,5.0,,0.6,2.0,5.0,5.0,1.0,,
0.46399999999999997,0.12230291366577148,0.04747630988187689,XGB,,5.0,,1.0,3.0,1.0,5.0,1.0,,
0.46399999999999997,0.06790399551391602,0.052287665849605494,XGB,,0.5,,0.6,2.0,5.0,5.0,1.0,,
0.46399999999999997,0.15000014305114745,0.03512833614050059,XGB,,2.0,,1.0,2.0,1.0,10.0,0.8,,
0.46399999999999997,0.07180099487304688,0.03469870314579495,XGB,,2.0,,0.6,2.0,1.0,5.0,0.8,,
0.4630000000000001,0.12240014076232911,0.04822862220715,XGB,,0.5,,1.0,3.0,1.0,5.0,1.0,,
0.46299999999999997,0.274400520324707,0.05714892824891822,XGB,,5.0,,0.8,3.0,10.0,20.0,0.8,,
0.46299999999999997,0.06800127029418945,0.03586084215408222,XGB,,0.5,,0.6,2.0,1.0,5.0,0.8,,
0.46299999999999997,0.1977992057800293,0.055910642993977466,XGB,,5.0,,0.6,2.0,10.0,20.0,1.0,,
0.46299999999999997,0.1289997100830078,0.026570660511172843,XGB,,5.0,,0.8,2.0,5.0,10.0,0.8,,
0.46299999999999997,0.0946016788482666,0.060712436946642134,XGB,,5.0,,1.0,3.0,5.0,5.0,0.6,,
0.462,0.129600191116333,0.023579652245103187,XGB,,2.0,,0.8,2.0,5.0,10.0,0.8,,
0.462,0.08140058517456054,0.025806975801127882,XGB,,2.0,,0.8,2.0,1.0,5.0,1.0,,
0.462,0.19539995193481446,0.054092513345194104,XGB,,0.5,,0.6,2.0,10.0,20.0,1.0,,
0.462,0.06700081825256347,0.03854867053479277,XGB,,5.0,,0.6,2.0,1.0,5.0,0.8,,
0.462,0.13080048561096191,0.023579652245103187,XGB,,0.5,,0.8,2.0,5.0,10.0,0.8,,
0.462,0.0822031021118164,0.025806975801127882,XGB,,0.5,,0.8,2.0,1.0,5.0,1.0,,
0.462,0.18300037384033202,0.05555177764932461,XGB,,0.5,,0.8,4.0,10.0,10.0,1.0,,
0.461,0.21539878845214844,0.05508175741568166,XGB,,2.0,,0.6,2.0,10.0,20.0,1.0,,
0.461,0.07200193405151367,0.038910152916687445,XGB,,0.5,,0.8,2.0,5.0,5.0,0.6,,
0.461,0.19819989204406738,0.040914545090957585,XGB,,5.0,,0.8,2.0,10.0,20.0,0.6,,
0.461,0.12099967002868653,0.05151698748956504,XGB,,2.0,,1.0,3.0,1.0,5.0,1.0,,
0.46099999999999997,0.34080090522766116,0.050833060108555345,XGB,,2.0,,1.0,3.0,10.0,20.0,0.8,,
0.46099999999999997,0.30839996337890624,0.05756735185849702,XGB,,5.0,,1.0,3.0,10.0,20.0,0.8,,
0.46099999999999997,0.04659872055053711,0.060778285596090956,SVC,10.0,0.0001,rbf,,,,,,,
0.4600000000000001,0.14499964714050292,0.04301162633521315,XGB,,0.5,,1.0,3.0,10.0,10.0,0.6,,
0.4600000000000001,0.13740062713623047,0.04230839160261236,XGB,,2.0,,0.8,2.0,1.0,10.0,1.0,,
0.45999999999999996,0.06260066032409668,0.049295030175464966,XGB,,5.0,,0.6,2.0,1.0,5.0,0.6,,
0.45999999999999996,0.12420086860656739,0.05300943312279431,XGB,,0.5,,0.8,3.0,10.0,10.0,0.6,,
0.45999999999999996,0.06860027313232422,0.03619392214170772,XGB,,5.0,,0.8,2.0,5.0,5.0,0.6,,
0.45999999999999996,0.13554987907409669,0.04636809247747854,XGB,,0.5,,0.8,4.0,10.0,10.0,0.6,,
0.45999999999999996,0.327800989151001,0.034785054261852175,XGB,,0.5,,1.0,3.0,10.0,20.0,1.0,,
0.45999999999999996,0.34859957695007326,0.037549966711037185,XGB,,5.0,,1.0,3.0,10.0,20.0,1.0,,
0.45899999999999996,0.19020047187805175,0.059866518188383074,XGB,,2.0,,0.8,4.0,10.0,10.0,1.0,,
0.45899999999999996,0.11520004272460938,0.03992492955535427,XGB,,2.0,,0.6,2.0,10.0,10.0,1.0,,
0.45899999999999996,0.1128005027770996,0.057567351858497005,XGB,,2.0,,0.6,4.0,10.0,10.0,0.6,,
0.45899999999999996,0.4009996891021729,0.04841487374764082,XGB,,2.0,,1.0,4.0,10.0,20.0,0.8,,
0.45899999999999996,0.1640012741088867,0.05388877434122993,XGB,,2.0,,0.8,4.0,10.0,10.0,0.8,,
0.45899999999999996,0.16800003051757811,0.03168595903550972,XGB,,5.0,,1.0,2.0,1.0,10.0,0.8,,
0.45899999999999996,0.08319993019104004,0.026343879744638983,XGB,,5.0,,0.8,2.0,1.0,5.0,1.0,,
0.45899999999999996,0.13480148315429688,0.041880783182743846,XGB,,0.5,,0.8,2.0,1.0,10.0,1.0,,
0.45899999999999996,0.04499740600585937,0.060033324079214516,SVC,1.0,0.001,rbf,,,,,,,
0.45899999999999996,0.11819992065429688,0.06583312236253114,XGB,,2.0,,0.6,3.0,10.0,10.0,0.6,,
0.458,0.11300168037414551,0.041060930335295634,XGB,,0.5,,0.6,2.0,10.0,10.0,1.0,,
0.458,0.15980052947998047,0.02821347195933177,XGB,,2.0,,1.0,2.0,1.0,10.0,1.0,,
0.458,0.06780018806457519,0.03982461550347976,XGB,,2.0,,0.8,2.0,5.0,5.0,0.6,,
0.458,0.3515993595123291,0.051439284598446745,XGB,,0.5,,1.0,4.0,10.0,20.0,0.8,,
0.458,0.15899991989135742,0.05381449618829485,XGB,,0.5,,0.8,4.0,10.0,10.0,0.8,,
0.458,0.15620045661926268,0.02821347195933177,XGB,,0.5,,1.0,2.0,1.0,10.0,1.0,,
0.458,0.08040328025817871,0.03529872518944559,XGB,,0.5,,0.8,2.0,1.0,5.0,0.8,,
0.458,0.0780001163482666,0.048435524153249344,XGB,,0.5,,1.0,2.0,5.0,5.0,0.6,,
0.458,0.3059998035430908,0.05065570056765577,XGB,,0.5,,1.0,3.0,10.0,20.0,0.8,,
0.457,0.12200078964233399,0.04760252094164764,XGB,,2.0,,1.0,2.0,10.0,10.0,0.6,,
0.457,0.15440130233764648,0.03586084215408223,XGB,,2.0,,1.0,2.0,5.0,10.0,1.0,,
0.457,0.16500091552734375,0.03586084215408223,XGB,,0.5,,1.0,2.0,5.0,10.0,1.0,,
0.457,0.13520073890686035,0.0457820925690384,XGB,,2.0,,0.8,4.0,10.0,10.0,0.6,,
0.457,0.34920053482055663,0.058617403559011384,XGB,,5.0,,1.0,4.0,10.0,20.0,0.8,,
0.457,0.156400728225708,0.029427877939124325,XGB,,0.5,,1.0,4.0,10.0,10.0,0.6,,
0.457,0.1294011116027832,0.06727555276621663,XGB,,0.5,,0.6,3.0,10.0,10.0,0.6,,
0.457,0.07800059318542481,0.034871191548325395,XGB,,2.0,,0.8,2.0,1.0,5.0,0.8,,
0.457,0.1290008544921875,0.053535035257296706,XGB,,2.0,,0.8,3.0,10.0,10.0,0.6,,
0.45699999999999996,0.14739980697631835,0.06554387843269575,XGB,,0.5,,0.6,4.0,10.0,10.0,0.6,,
0.45699999999999996,0.07740154266357421,0.04884669896727925,XGB,,2.0,,1.0,2.0,5.0,5.0,0.6,,
0.45600000000000007,0.13839950561523437,0.0417612260356422,XGB,,5.0,,0.8,2.0,1.0,10.0,1.0,,
0.45600000000000007,0.1436002731323242,0.05379591062525107,XGB,,2.0,,0.8,3.0,10.0,10.0,0.8,,
0.45599999999999996,0.14900097846984864,0.042355637169094754,XGB,,2.0,,1.0,3.0,10.0,10.0,0.6,,
0.45500000000000007,0.07980074882507324,0.04037325847637271,XGB,,5.0,,0.8,2.0,1.0,5.0,0.8,,
0.45500000000000007,0.19080061912536622,0.05718391382198319,XGB,,5.0,,0.8,4.0,10.0,10.0,1.0,,
0.45500000000000007,0.22100000381469725,0.049497474683058346,XGB,,5.0,,0.8,2.0,10.0,20.0,0.8,,
0.45499999999999996,0.07660026550292968,0.048579831205964485,XGB,,5.0,,1.0,2.0,5.0,5.0,0.6,,
0.45499999999999996,0.11480116844177246,0.06942621983083912,XGB,,5.0,,0.6,3.0,10.0,10.0,0.6,,
0.45499999999999996,0.07520079612731934,0.027568097504180447,XGB,,0.5,,0.8,2.0,5.0,5.0,0.8,,
0.45499999999999996,0.11740579605102539,0.049091750834534334,XGB,,0.5,,1.0,2.0,10.0,10.0,0.6,,
0.45499999999999996,0.10660004615783691,0.043931765272977596,XGB,,5.0,,0.6,2.0,10.0,10.0,1.0,,
0.454,0.14420099258422853,0.04498888751680799,XGB,,5.0,,1.0,3.0,10.0,10.0,0.6,,
0.454,0.10039997100830078,0.04223742416388576,XGB,,5.0,,0.6,2.0,10.0,10.0,0.8,,
0.454,0.16780128479003906,0.040422765862815485,XGB,,5.0,,0.8,3.0,10.0,10.0,1.0,,
0.454,0.11920056343078614,0.0509313263129874,XGB,,5.0,,1.0,2.0,10.0,10.0,0.6,,
0.454,0.16700057983398436,0.05053711507397311,XGB,,5.0,,0.8,4.0,10.0,10.0,0.8,,
0.454,0.1522005558013916,0.03382306905057554,XGB,,5.0,,1.0,2.0,5.0,10.0,1.0,,
0.453,0.13520245552062987,0.04467661580737737,XGB,,5.0,,0.8,3.0,10.0,10.0,0.6,,
0.453,0.23339996337890626,0.044788391353117386,XGB,,5.0,,0.8,2.0,10.0,20.0,1.0,,
0.453,0.10699977874755859,0.04610856753359402,XGB,,2.0,,0.8,2.0,10.0,10.0,0.6,,
0.453,0.10140037536621094,0.06087692502089771,XGB,,0.5,,0.8,4.0,10.0,5.0,1.0,,
0.453,0.07640724182128907,0.027676705006196095,XGB,,2.0,,0.8,2.0,5.0,5.0,0.8,,
0.453,0.10480036735534667,0.0405709255502016,XGB,,2.0,,0.6,2.0,10.0,10.0,0.8,,
0.45299999999999996,0.11560029983520508,0.06329296959378661,XGB,,5.0,,0.6,4.0,10.0,10.0,0.6,,
0.45200000000000007,0.17739996910095215,0.02908607914449798,XGB,,5.0,,1.0,2.0,1.0,10.0,1.0,,
0.45200000000000007,0.2191997528076172,0.05025932749251626,XGB,,2.0,,0.8,2.0,10.0,20.0,0.8,,
0.45199999999999996,0.06690816879272461,0.0267581763205193,XGB,,2.0,,0.6,2.0,5.0,5.0,0.8,,
0.45199999999999996,0.15200109481811525,0.05528109984434103,XGB,,5.0,,0.8,3.0,10.0,10.0,0.8,,
0.45199999999999996,0.0666006088256836,0.0267581763205193,XGB,,0.5,,0.6,2.0,5.0,5.0,0.8,,
0.45199999999999996,0.10600004196166993,0.043886216514983395,XGB,,0.5,,0.6,2.0,10.0,10.0,0.8,,
0.45199999999999996,0.10360069274902343,0.045343136195018556,XGB,,0.5,,0.8,2.0,10.0,10.0,0.6,,
0.45199999999999996,0.1456007957458496,0.055731499172371114,XGB,,0.5,,0.8,3.0,10.0,10.0,0.8,,
0.45199999999999996,0.25040016174316404,0.0450111097397076,XGB,,5.0,,1.0,2.0,10.0,20.0,0.8,,
0.45199999999999996,0.21400032043457032,0.052115256883181534,XGB,,0.5,,0.8,2.0,10.0,20.0,0.8,,
0.45100000000000007,0.09420056343078613,0.04420407221060069,XGB,,0.5,,0.8,4.0,10.0,5.0,0.6,,
0.45099999999999996,0.15960097312927246,0.04235563716909474,XGB,,2.0,,0.8,3.0,10.0,10.0,1.0,,
0.45099999999999996,0.18219985961914062,0.029732137494637014,XGB,,2.0,,1.0,4.0,10.0,10.0,0.6,,
0.45,0.17019991874694823,0.050099900199501404,XGB,,2.0,,1.0,3.0,10.0,10.0,0.8,,
0.45,0.18939995765686035,0.03633180424916989,XGB,,0.5,,1.0,4.0,10.0,10.0,0.8,,
0.45,0.2190006732940674,0.04037325847637269,XGB,,2.0,,1.0,4.0,10.0,10.0,0.8,,
0.45,0.07460083961486816,0.04560701700396552,XGB,,0.5,,0.8,3.0,10.0,5.0,0.6,,
0.449,0.15260047912597657,0.033075670817082466,XGB,,5.0,,1.0,4.0,10.0,10.0,0.6,,
0.449,0.16760129928588868,0.04953786430600335,XGB,,0.5,,1.0,3.0,10.0,10.0,0.8,,
0.449,0.22560009956359864,0.047265209192385894,XGB,,0.5,,0.8,2.0,10.0,20.0,1.0,,
0.449,0.10639925003051758,0.06437390775772434,XGB,,5.0,,0.8,4.0,10.0,5.0,1.0,,
0.449,0.14059967994689943,0.03903844259188628,XGB,,5.0,,0.8,4.0,10.0,10.0,0.6,,
0.449,0.2780002593994141,0.04487761134463374,XGB,,5.0,,1.0,2.0,5.0,20.0,1.0,,
0.449,0.10279936790466308,0.06476109943476872,XGB,,2.0,,0.8,4.0,10.0,5.0,1.0,,
0.449,0.10660080909729004,0.056426943918663555,XGB,,0.5,,0.6,4.0,10.0,5.0,1.0,,
0.449,0.09400091171264649,0.06011655346075656,XGB,,0.5,,0.8,3.0,10.0,5.0,1.0,,
0.449,0.22850413322448732,0.048518037882832814,XGB,,2.0,,0.8,2.0,10.0,20.0,1.0,,
0.449,0.15639972686767578,0.0457602447545902,XGB,,0.5,,0.8,3.0,10.0,10.0,1.0,,
0.449,0.28660035133361816,0.0456508488420533,XGB,,0.5,,1.0,2.0,5.0,20.0,1.0,,
0.449,0.25119967460632325,0.04282522621072772,XGB,,0.5,,1.0,2.0,10.0,20.0,0.8,,
0.44899999999999995,0.11800112724304199,0.026343879744638983,XGB,,5.0,,0.8,2.0,10.0,10.0,0.8,,
0.44899999999999995,0.08180007934570313,0.024166091947189147,XGB,,2.0,,0.8,2.0,5.0,5.0,1.0,,
0.44800000000000006,0.2832014083862305,0.04411349000022555,XGB,,2.0,,1.0,2.0,5.0,20.0,1.0,,
0.44800000000000006,0.2502009868621826,0.04354308211415449,XGB,,2.0,,1.0,2.0,10.0,20.0,0.8,,
0.44799999999999995,0.12120137214660645,0.024617067250182346,XGB,,2.0,,0.8,2.0,10.0,10.0,0.8,,
0.44799999999999995,0.0814018726348877,0.04377213725647858,XGB,,2.0,,0.8,4.0,10.0,5.0,0.6,,
0.44799999999999995,0.14600024223327637,0.03108054053584011,XGB,,2.0,,1.0,2.0,5.0,10.0,0.8,,
0.44799999999999995,0.10860047340393067,0.0422610932182309,XGB,,5.0,,0.8,2.0,10.0,10.0,0.6,,
0.44700000000000006,0.09040107727050781,0.05662155066756828,XGB,,2.0,,0.6,4.0,10.0,5.0,1.0,,
0.44699999999999995,0.11699876785278321,0.02420743687382041,XGB,,0.5,,0.8,2.0,10.0,10.0,0.8,,
0.44699999999999995,0.0766016960144043,0.034727510708370685,XGB,,5.0,,0.8,2.0,5.0,5.0,0.8,,
0.44699999999999995,0.07720131874084472,0.045232731511594564,XGB,,2.0,,0.8,3.0,10.0,5.0,0.6,,
0.44699999999999995,0.1463994026184082,0.032031234756093936,XGB,,0.5,,1.0,2.0,5.0,10.0,0.8,,
0.44699999999999995,0.07820005416870117,0.024413111231467405,XGB,,0.5,,0.8,2.0,5.0,5.0,1.0,,
0.446,0.06460037231445312,0.02745906043549196,XGB,,5.0,,0.6,2.0,5.0,5.0,0.8,,
0.446,0.09899969100952148,0.03056141357987224,XGB,,0.5,,0.8,4.0,10.0,5.0,0.8,,
0.445,0.09340004920959473,0.06123724356957947,XGB,,2.0,,0.8,3.0,10.0,5.0,1.0,,
0.44499999999999995,0.16600589752197265,0.04969909455915672,XGB,,5.0,,1.0,3.0,10.0,10.0,0.8,,
0.44400000000000006,0.095001220703125,0.034842502780368684,XGB,,2.0,,0.8,4.0,10.0,5.0,0.8,,
0.44400000000000006,0.07700104713439941,0.04465422712353222,XGB,,5.0,,0.8,3.0,10.0,5.0,0.6,,
0.44400000000000006,0.08060054779052735,0.042237424163885755,XGB,,5.0,,0.8,4.0,10.0,5.0,0.6,,
0.44400000000000006,0.08080029487609863,0.022671568097509268,XGB,,5.0,,0.8,2.0,5.0,5.0,1.0,,
0.44399999999999995,0.09580006599426269,0.048928519290900266,XGB,,0.5,,0.6,2.0,10.0,10.0,0.6,,
0.44399999999999995,0.08520021438598632,0.023323807579381205,XGB,,5.0,,1.0,2.0,5.0,5.0,1.0,,
0.44399999999999995,0.088401460647583,0.02267156809750927,XGB,,2.0,,1.0,2.0,5.0,5.0,1.0,,
0.44399999999999995,0.08840022087097169,0.02267156809750927,XGB,,0.5,,1.0,2.0,5.0,5.0,1.0,,
0.44299999999999995,0.09960126876831055,0.06004997918400973,XGB,,5.0,,0.8,3.0,10.0,5.0,1.0,,
0.442,0.08920149803161621,0.02749545416973504,XGB,,0.5,,1.0,2.0,1.0,5.0,1.0,,
0.442,0.09040040969848633,0.02749545416973504,XGB,,2.0,,1.0,2.0,1.0,5.0,1.0,,
0.442,0.2926008224487305,0.04377213725647858,XGB,,0.5,,1.0,2.0,1.0,20.0,1.0,,
0.442,0.3088005542755127,0.0448998886412873,XGB,,5.0,,1.0,2.0,1.0,20.0,1.0,,
0.442,0.09820027351379394,0.02749545416973504,XGB,,5.0,,1.0,2.0,1.0,5.0,1.0,,
0.441,0.09820146560668945,0.05257375771237966,XGB,,5.0,,0.6,2.0,10.0,10.0,0.6,,
0.441,0.08860116004943848,0.05994997914928746,XGB,,0.5,,0.6,3.0,10.0,5.0,1.0,,
0.441,0.29799880981445315,0.04465422712353221,XGB,,2.0,,1.0,2.0,1.0,20.0,1.0,,
0.441,0.18780126571655273,0.034842502780368684,XGB,,5.0,,1.0,4.0,10.0,10.0,0.8,,
0.44000000000000006,0.14340076446533204,0.034058772731852816,XGB,,5.0,,1.0,2.0,5.0,10.0,0.8,,
0.44000000000000006,0.09780001640319824,0.0506951674225463,XGB,,2.0,,0.6,2.0,10.0,10.0,0.6,,
0.44000000000000006,0.13439974784851075,0.035637059362410926,XGB,,0.5,,1.0,2.0,10.0,10.0,0.8,,
0.43900000000000006,0.0867992877960205,0.056338264084013115,XGB,,5.0,,0.6,4.0,10.0,5.0,1.0,,
0.43900000000000006,0.06600160598754883,0.03813135192987524,XGB,,5.0,,0.8,2.0,10.0,5.0,0.6,,
0.43899999999999995,0.12760066986083984,0.029732137494636993,XGB,,2.0,,0.8,2.0,10.0,10.0,1.0,,
0.43899999999999995,0.1235994815826416,0.029732137494636997,XGB,,0.5,,0.8,2.0,10.0,10.0,1.0,,
0.43800000000000006,0.13720083236694336,0.03599999999999999,XGB,,2.0,,1.0,2.0,10.0,10.0,0.8,,
0.438,0.08480019569396972,0.058017238817441155,XGB,,2.0,,0.6,3.0,10.0,5.0,1.0,,
0.438,0.06540169715881347,0.03919183588453084,XGB,,2.0,,0.8,2.0,10.0,5.0,0.6,,
0.438,0.1288008213043213,0.034146742157927734,XGB,,5.0,,0.8,2.0,10.0,10.0,1.0,,
0.437,0.07100038528442383,0.04760252094164762,XGB,,2.0,,1.0,2.0,10.0,5.0,0.6,,
0.437,0.06500015258789063,0.04081666326391709,XGB,,0.5,,0.8,2.0,10.0,5.0,0.6,,
0.437,0.0712007999420166,0.04545327270945405,XGB,,0.5,,1.0,2.0,10.0,5.0,0.6,,
0.437,0.08040099143981934,0.030430248109405877,XGB,,0.5,,1.0,3.0,10.0,5.0,0.6,,
0.43599999999999994,0.08660473823547363,0.025573423705088836,XGB,,0.5,,1.0,2.0,1.0,5.0,0.8,,
0.43499999999999994,0.08660011291503907,0.02167948338867882,XGB,,0.5,,1.0,4.0,10.0,5.0,0.6,,
0.43499999999999994,0.09660015106201172,0.027018512172212586,XGB,,5.0,,1.0,2.0,1.0,5.0,0.8,,
0.434,0.08260064125061035,0.021771541057077227,XGB,,0.5,,0.8,3.0,10.0,5.0,0.8,,
0.434,0.08319873809814453,0.030232432915661946,XGB,,2.0,,1.0,3.0,10.0,5.0,0.6,,
0.434,0.08780078887939453,0.02596150997149433,XGB,,2.0,,1.0,2.0,1.0,5.0,0.8,,
0.434,0.026998376846313475,0.04789572005931219,DecisionTree,,,,,6.0,,,,gini,
0.433,0.08439974784851074,0.040693979898751606,XGB,,5.0,,1.0,3.0,10.0,5.0,0.6,,
0.43200000000000005,0.107399320602417,0.02293468988235942,XGB,,2.0,,1.0,4.0,10.0,5.0,0.6,,
0.43200000000000005,0.11920075416564942,0.038157568056677825,XGB,,0.5,,1.0,4.0,10.0,5.0,1.0,,
0.43200000000000005,0.08800086975097657,0.02204540768504859,XGB,,2.0,,0.8,3.0,10.0,5.0,0.8,,
0.43200000000000005,0.08600077629089356,0.03613862199918529,XGB,,0.5,,0.6,3.0,10.0,5.0,0.8,,
0.43200000000000005,0.13600554466247558,0.03264965543462901,XGB,,2.0,,1.0,4.0,10.0,5.0,1.0,,
0.43200000000000005,0.135001802444458,0.03722902093797256,XGB,,5.0,,1.0,2.0,10.0,10.0,0.8,,
0.43199999999999994,0.18560047149658204,0.026570660511172836,XGB,,0.5,,1.0,3.0,10.0,10.0,1.0,,
0.43100000000000005,0.07700023651123047,0.05669215113223348,XGB,,5.0,,0.6,3.0,10.0,5.0,1.0,,
0.43100000000000005,0.21159958839416504,0.0424735211631906,XGB,,0.5,,1.0,4.0,10.0,10.0,1.0,,
0.43100000000000005,0.21220083236694337,0.042591078878093706,XGB,,5.0,,1.0,4.0,10.0,10.0,1.0,,
0.43099999999999994,0.08280096054077149,0.035411862419251545,XGB,,5.0,,0.6,4.0,10.0,5.0,0.8,,
0.43099999999999994,0.10480155944824218,0.033526109228480414,XGB,,0.5,,1.0,3.0,10.0,5.0,1.0,,
0.43099999999999994,0.18760099411010742,0.028000000000000004,XGB,,5.0,,1.0,3.0,10.0,10.0,1.0,,
0.43099999999999994,0.1030001163482666,0.03484250278036869,XGB,,0.5,,0.6,4.0,10.0,5.0,0.8,,
0.43000000000000005,0.09679999351501464,0.029664793948382638,XGB,,5.0,,0.8,4.0,10.0,5.0,0.8,,
0.43,0.11700072288513183,0.03646916505762094,XGB,,5.0,,1.0,4.0,10.0,5.0,1.0,,
0.43,0.06560115814208985,0.06978538528947162,XGB,,5.0,,0.6,3.0,10.0,5.0,0.6,,
0.429,0.08699917793273926,0.016852299546352714,XGB,,2.0,,1.0,2.0,5.0,5.0,0.8,,
0.429,0.07260098457336425,0.04913247398615299,XGB,,5.0,,1.0,2.0,10.0,5.0,0.6,,
0.429,0.08200116157531738,0.0377359245282264,XGB,,2.0,,0.6,3.0,10.0,5.0,0.8,,
0.429,0.18359990119934083,0.027276363393971714,XGB,,2.0,,1.0,3.0,10.0,10.0,1.0,,
0.429,0.23480052947998048,0.04223742416388575,XGB,,2.0,,1.0,4.0,10.0,10.0,1.0,,
0.429,0.08379988670349121,0.016852299546352714,XGB,,0.5,,1.0,2.0,5.0,5.0,0.8,,
0.429,0.10820050239562988,0.031368774282716234,XGB,,2.0,,1.0,3.0,10.0,5.0,1.0,,
0.42800000000000005,0.10640068054199218,0.030430248109405884,XGB,,0.5,,1.0,4.0,10.0,5.0,0.8,,
0.42800000000000005,0.0760002613067627,0.061854668376768465,XGB,,2.0,,0.6,3.0,10.0,5.0,0.6,,
0.42699999999999994,0.09080085754394532,0.022934689882359433,XGB,,5.0,,0.8,3.0,10.0,5.0,0.8,,
0.42699999999999994,0.06940054893493652,0.06823488843692793,XGB,,5.0,,0.6,4.0,10.0,5.0,0.6,,
0.426,0.07460088729858398,0.03455430508634199,XGB,,0.5,,0.8,2.0,10.0,5.0,1.0,,
0.426,0.07520170211791992,0.03455430508634199,XGB,,2.0,,0.8,2.0,10.0,5.0,1.0,,
0.426,0.0880007266998291,0.028178005607210746,XGB,,5.0,,1.0,4.0,10.0,5.0,0.6,,
0.425,0.06840062141418457,0.057879184513951125,XGB,,2.0,,0.6,4.0,10.0,5.0,0.6,,
0.425,0.07960023880004882,0.037682887362833546,XGB,,2.0,,0.6,4.0,10.0,5.0,0.8,,
0.425,0.06160082817077637,0.06379655163094632,XGB,,0.5,,0.6,2.0,10.0,5.0,0.6,,
0.425,0.14259986877441405,0.015811388300841892,XGB,,5.0,,1.0,2.0,10.0,10.0,1.0,,
0.425,0.08500084877014161,0.019235384061671346,XGB,,5.0,,1.0,2.0,5.0,5.0,0.8,,
0.425,0.11420001983642578,0.05983310120660637,XGB,,0.5,,0.6,4.0,10.0,5.0,0.6,,
0.425,0.14680132865905762,0.018708286933869698,XGB,,0.5,,1.0,2.0,10.0,10.0,1.0,,
0.425,0.07380170822143554,0.037013511046643494,XGB,,5.0,,0.6,3.0,10.0,5.0,0.8,,
0.42400000000000004,0.10700154304504395,0.02782085548648711,XGB,,5.0,,1.0,4.0,10.0,5.0,0.8,,
0.42400000000000004,0.06979975700378419,0.037336309405188936,XGB,,2.0,,0.6,2.0,10.0,5.0,1.0,,
0.42400000000000004,0.060000944137573245,0.06445153217728808,XGB,,2.0,,0.6,2.0,10.0,5.0,0.6,,
0.42400000000000004,0.06619973182678222,0.037336309405188936,XGB,,0.5,,0.6,2.0,10.0,5.0,1.0,,
0.42400000000000004,0.14640088081359864,0.020099751242241774,XGB,,2.0,,1.0,2.0,10.0,10.0,1.0,,
0.42400000000000004,0.06240086555480957,0.03693237062523876,XGB,,5.0,,0.6,2.0,10.0,5.0,1.0,,
0.42300000000000004,0.09440007209777831,0.025019992006393606,XGB,,5.0,,1.0,3.0,10.0,5.0,0.8,,
0.42300000000000004,0.09760689735412598,0.025019992006393613,XGB,,0.5,,1.0,3.0,10.0,5.0,0.8,,
0.42300000000000004,0.07800164222717285,0.03558089374931439,XGB,,5.0,,0.8,2.0,10.0,5.0,1.0,,
0.42300000000000004,0.07880091667175293,0.05938013135721409,XGB,,0.5,,0.6,3.0,10.0,5.0,0.6,,
0.42200000000000004,0.10460076332092286,0.03529872518944557,XGB,,5.0,,1.0,3.0,10.0,5.0,1.0,,
0.422,0.2710045337677002,0.03325657829663179,XGB,,5.0,,1.0,2.0,10.0,20.0,1.0,,
0.42000000000000004,0.09640121459960938,0.027748873851023217,XGB,,2.0,,1.0,3.0,10.0,5.0,0.8,,
0.41900000000000004,0.17320761680603028,0.04684015371452147,RandomForest,,,,,2.0,,,,gini,10.0
0.41899999999999993,0.12820138931274414,0.029051678092667902,XGB,,2.0,,1.0,4.0,10.0,5.0,0.8,,
0.41899999999999993,0.2756007671356201,0.036523964735499355,XGB,,2.0,,1.0,2.0,10.0,20.0,1.0,,
0.418,0.08399944305419922,0.02227105745132009,XGB,,2.0,,1.0,2.0,10.0,5.0,1.0,,
0.418,0.08159980773925782,0.02227105745132009,XGB,,0.5,,1.0,2.0,10.0,5.0,1.0,,
0.418,0.05920066833496094,0.06546754921333164,XGB,,5.0,,0.6,2.0,10.0,5.0,0.6,,
0.418,0.2634005546569824,0.036959437225152665,XGB,,0.5,,1.0,2.0,10.0,20.0,1.0,,
0.417,0.0704007625579834,0.025612496949731396,XGB,,2.0,,0.8,2.0,10.0,5.0,0.8,,
0.417,0.070001220703125,0.025612496949731396,XGB,,0.5,,0.8,2.0,10.0,5.0,0.8,,
0.4159999999999999,0.023199033737182618,0.03760319135392635,DecisionTree,,,,,4.0,,,,gini,
0.4149999999999999,0.08460011482238769,0.025099800796022264,XGB,,5.0,,1.0,2.0,10.0,5.0,1.0,,
0.41400000000000003,0.06500101089477539,0.03903844259188626,XGB,,0.5,,0.6,2.0,10.0,5.0,0.8,,
0.41400000000000003,0.06700143814086915,0.03903844259188626,XGB,,2.0,,0.6,2.0,10.0,5.0,0.8,,
0.41400000000000003,0.06340126991271973,0.039924929555354254,XGB,,5.0,,0.6,2.0,10.0,5.0,0.8,,
0.41200000000000003,0.07560100555419921,0.02619160170741759,XGB,,5.0,,0.8,2.0,10.0,5.0,0.8,,
0.4119999999999999,0.07900094985961914,0.028035691537752372,XGB,,0.5,,1.0,2.0,10.0,5.0,0.8,,
0.4109999999999999,0.0800011157989502,0.026720778431774773,XGB,,2.0,,1.0,2.0,10.0,5.0,0.8,,
0.40800000000000003,0.08020100593566895,0.021587033144922895,XGB,,5.0,,1.0,2.0,10.0,5.0,0.8,,
0.40099999999999997,0.056607818603515624,0.027820855486487113,DecisionTree,,,,,4.0,,,,entropy,
0.38699999999999996,0.1791891098022461,0.03776241517699842,RandomForest,,,,,2.0,,,,gini,5.0
0.36500000000000005,0.33859777450561523,0.01949358868961793,RandomForest,,,,,2.0,,,,entropy,5.0
0.36100000000000004,0.06339116096496582,0.06938299503480662,SVC,1.0,0.0001,rbf,,,,,,,
0.36000000000000004,0.33020858764648436,0.021679483388678797,RandomForest,,,,,2.0,,,,entropy,10.0
0.284,0.03499813079833984,0.048104053883222773,DecisionTree,,,,,2.0,,,,entropy,
0.26999999999999996,0.013800048828125,0.01974841765813149,DecisionTree,,,,,2.0,,,,gini,
